"time_period","location","disease_cases","population","mean_temperature","pdsi"
"2001-01","50001",0,125591,28.5765295028687,0.0889586135745049
"2001-02","50001",1,125591,28.3139963150024,0.259991019964218
"2001-03","50001",1,125591,27.7997722625732,0.266097098588944
"2001-04","50001",5,125591,27.0991153717041,0.065383218228817
"2001-05","50001",1,125591,23.0014448165893,-0.00682070478796959
"2001-06","50001",0,125591,21.8499441146851,-0.240426376461983
"2001-07","50001",0,125591,24.4243221282959,-0.365668058395386
"2001-08","50001",0,125591,26.2302703857422,-0.292179197072983
"2001-09","50001",0,125591,26.8368330001831,-0.521407723426819
"2001-10","50001",0,125591,27.5693111419678,-0.587659418582916
"2001-11","50001",0,125591,28.2448654174805,-0.478763908147812
"2001-12","50001",1,125591,27.7094688415527,-0.149870350956917
"2002-01","50001",32,126672,28.467411994934,-1.18043076992035
"2002-02","50001",44,126672,27.7058706283569,-1.05317902565002
"2002-03","50001",22,126672,28.5603656768798,-1.51200258731842
"2002-04","50001",7,126672,27.8509244918824,-1.67759966850281
"2002-05","50001",3,126672,25.6575307846069,-1.55620861053467
"2002-06","50001",0,126672,22.7346220016479,-1.84654116630554
"2002-07","50001",0,126672,22.9482154846191,-2.04414010047913
"2002-08","50001",0,126672,25.1436185836792,-2.14590764045715
"2002-09","50001",0,126672,25.9728116989136,-2.35029649734497
"2002-10","50001",0,126672,29.2323961257935,-2.68810105323792
"2002-11","50001",7,126672,28.5409908294678,-3.10109400749207
"2002-12","50001",0,126672,28.5862522125244,-3.5497260093689
"2003-01","50001",1,127758,28.5276803970337,-3.05630397796631
"2003-02","50001",1,127758,27.9843168258667,-3.15166568756104
"2003-03","50001",2,127758,27.8429985046387,-2.8353214263916
"2003-04","50001",0,127758,25.7957925796509,-2.79748511314392
"2003-05","50001",0,127758,24.0320873260498,-2.6510534286499
"2003-06","50001",0,127758,24.4020318984985,-2.72229814529419
"2003-07","50001",0,127758,22.5302133560181,-2.73732376098633
"2003-08","50001",0,127758,22.2628602981567,-2.57284045219421
"2003-09","50001",0,127758,26.3854112625122,-2.22074604034424
"2003-10","50001",0,127758,27.7468185424805,-2.35294389724731
"2003-11","50001",0,127758,28.1481924057007,-2.57010293006897
"2003-12","50001",0,127758,28.2717180252076,-2.20936393737793
"2004-01","50001",0,130041,28.5397500991822,-2.09136772155762
"2004-02","50001",0,130041,28.1111774444581,-1.75134742259979
"2004-03","50001",0,130041,28.236364364624,-2.00336456298828
"2004-04","50001",0,130041,27.6312828063964,-1.98209011554718
"2004-05","50001",0,130041,21.5746326446533,-1.82025074958801
"2004-06","50001",0,130041,22.7985544204712,-1.73028147220612
"2004-07","50001",0,130041,22.2073955535889,-1.6008095741272
"2004-08","50001",0,130041,23.7542562484741,-1.65874934196472
"2004-09","50001",0,130041,26.994062423706,-1.769207239151
"2004-10","50001",0,130041,27.5992774963379,-1.74687647819519
"2004-11","50001",0,130041,27.3895816802979,-1.49674415588379
"2004-12","50001",0,130041,28.2867574691773,-1.36612844467163
"2005-01","50001",0,131303,27.7526359558105,-0.698656916618347
"2005-02","50001",0,131303,28.4306936264038,-1.42548561096191
"2005-03","50001",0,131303,28.0237712860107,-1.77974474430084
"2005-04","50001",0,131303,26.3184833526612,-1.50035989284515
"2005-05","50001",0,131303,24.9845895767212,-1.49117815494537
"2005-06","50001",0,131303,23.6545934677124,-1.43987035751343
"2005-07","50001",0,131303,22.1320705413818,-1.52129638195038
"2005-08","50001",0,131303,24.8557491302491,-1.78464591503143
"2005-09","50001",0,131303,23.5775327682495,-1.5086362361908
"2005-10","50001",0,131303,26.7733650207519,-1.67405879497528
"2005-11","50001",0,131303,28.1330738067627,-1.71642649173737
"2005-12","50001",0,131303,27.8046569824219,-2.40145134925842
"2006-01","50001",4,132556,28.5222492218018,-2.59977102279663
"2006-02","50001",4,132556,28.3269128799438,-1.88234400749207
"2006-03","50001",2,132556,28.0607728958129,-1.84800493717194
"2006-04","50001",0,132556,26.3151817321777,-1.68659353256226
"2006-05","50001",2,132556,22.9768781661988,-1.77094340324402
"2006-06","50001",0,132556,23.6871614456177,-1.91145944595337
"2006-07","50001",0,132556,24.3100681304932,-1.90043115615845
"2006-08","50001",0,132556,24.5474843978882,-2.04126620292664
"2006-09","50001",0,132556,25.7244920730591,-1.78978407382965
"2006-10","50001",2,132556,27.8533649444581,-0.449248760938644
"2006-11","50001",2,132556,28.0756483078003,-0.493534862995148
"2006-12","50001",2,132556,28.5723037719726,0.131344437599182
"2007-01","50001",69,129140,28.4023408889771,0.518348395824432
"2007-02","50001",122,129140,28.5358486175538,0.453438252210617
"2007-03","50001",74,129140,28.0023736953735,-0.126949891448021
"2007-04","50001",27,129140,27.3000373840332,0.0465899221599102
"2007-05","50001",5,129140,22.6269340515137,-0.365041196346283
"2007-06","50001",10,129140,22.99711227417,-0.653885364532471
"2007-07","50001",4,129140,21.2800312042236,-0.555616974830627
"2007-08","50001",1,129140,22.4233026504517,-0.765752673149109
"2007-09","50001",0,129140,28.4817094802856,-1.30029797554016
"2007-10","50001",0,129140,27.8459043502808,-0.855414986610413
"2007-11","50001",7,129140,28.0707130432129,-0.539369583129883
"2007-12","50001",7,129140,27.9166746139527,-0.0904795378446579
"2008-01","50001",16,133023,27.7399816513062,0.404339134693146
"2008-02","50001",8,133023,27.5720386505127,0.281428962945938
"2008-03","50001",9,133023,27.4725837707519,-1.16028451919556
"2008-04","50001",11,133023,25.5219287872314,-1.3173018693924
"2008-05","50001",1,133023,23.2162990570069,-1.24727034568787
"2008-06","50001",0,133023,21.0818123817444,-1.42933976650238
"2008-07","50001",2,133023,24.9590492248536,-1.66035711765289
"2008-08","50001",1,133023,24.5992603302002,-1.70284605026245
"2008-09","50001",2,133023,24.888750076294,-1.74261629581451
"2008-10","50001",3,133023,27.8634366989136,-1.69222390651703
"2008-11","50001",2,133023,28.3498725891113,-1.62819719314575
"2008-12","50001",9,133023,28.512264251709,-2.01012635231018
"2009-01","50001",43,133799,27.3689451217651,-2.30683326721191
"2009-02","50001",484,133799,28.2081117630005,-2.02736282348633
"2009-03","50001",2192,133799,28.5382595062256,-1.89592671394348
"2009-04","50001",2211,133799,27.5775756835938,-2.52454423904419
"2009-05","50001",904,133799,25.1310844421387,-2.51563715934753
"2009-06","50001",77,133799,21.2731027603149,-1.81319427490234
"2009-07","50001",20,133799,21.8399915695191,-1.05307197570801
"2009-08","50001",11,133799,24.1562175750732,-0.543801188468933
"2009-09","50001",3,133799,25.5252571105957,-0.839780271053314
"2009-10","50001",5,133799,27.6688871383667,-0.669843792915344
"2009-11","50001",24,133799,30.301796913147,-1.40204846858978
"2009-12","50001",50,133799,28.1664228439332,-0.405264109373093
"2010-01","50001",229,138794,28.2212390899658,-0.352253288030624
"2010-02","50001",327,138794,29.1651039123535,-0.374464452266693
"2010-03","50001",443,138794,28.6789512634277,-0.400485098361969
"2010-04","50001",232,138794,26.2173128128052,-1.47297966480255
"2010-05","50001",62,138794,22.1544170379639,-1.33666169643402
"2010-06","50001",20,138794,23.0809497833252,-1.63816952705383
"2010-07","50001",11,138794,21.81862449646,-1.17968654632568
"2010-08","50001",5,138794,23.4319114685058,-1.33640480041504
"2010-09","50001",4,138794,26.6035108566284,-1.43168830871582
"2010-10","50001",10,138794,26.6915044784546,-1.60151791572571
"2010-11","50001",31,138794,27.0228252410889,-1.75981247425079
"2010-12","50001",41,138794,28.8363132476807,-0.792597889900208
"2011-01","50001",14,139796,28.3537492752075,0.529978573322296
"2011-02","50001",44,139796,27.6408491134644,1.03461420536041
"2011-03","50001",52,139796,27.2108135223389,1.34722054004669
"2011-04","50001",24,139796,26.5682878494262,1.77894854545593
"2011-05","50001",6,139796,23.8713703155518,-0.379193633794785
"2011-06","50001",0,139796,22.3317003250122,-0.367962390184402
"2011-07","50001",0,139796,23.2340097427368,-0.132403627038002
"2011-08","50001",2,139796,24.0621271133423,-0.0850950554013252
"2011-09","50001",2,139796,27.1668281555176,-0.151226162910461
"2011-10","50001",0,139796,27.6821336746216,-0.128383010625839
"2011-11","50001",2,139796,28.3793869018554,-0.520795524120331
"2011-12","50001",3,139796,28.3146190643311,-0.71702378988266
"2012-01","50001",2,140862,28.3378667831421,-0.743943989276886
"2012-02","50001",39,140862,28.4825849533081,-0.646714746952057
"2012-03","50001",183,140862,27.3955049514771,-0.926972031593323
"2012-04","50001",673,140862,26.2093715667725,-0.894299328327179
"2012-05","50001",239,140862,24.4776754379272,-0.8743776679039
"2012-06","50001",54,140862,22.6609106063842,-0.580494999885559
"2012-07","50001",9,140862,21.4601140022278,-0.798203647136688
"2012-08","50001",7,140862,25.0488195419312,-0.989766359329224
"2012-09","50001",7,140862,27.8040685653687,-1.51356625556946
"2012-10","50001",2,140862,29.121750831604,-2.10229420661926
"2012-11","50001",10,140862,28.5860624313354,-1.8468337059021
"2012-12","50001",16,140862,28.9350337982178,-2.27398610115051
"2013-01","50001",485,144615,28.7397165298462,-2.79003930091858
"2013-02","50001",662,144615,28.6511440277099,-2.91132402420044
"2013-03","50001",680,144615,27.5262384414673,-3.08315396308899
"2013-04","50001",232,144615,25.9644746780396,-2.67385315895081
"2013-05","50001",74,144615,24.562198638916,-2.7215051651001
"2013-06","50001",41,144615,23.3438892364502,-1.53899967670441
"2013-07","50001",25,144615,22.8452043533325,-1.6952987909317
"2013-08","50001",14,144615,21.9523482322693,-1.89562749862671
"2013-09","50001",16,144615,25.879994392395,-1.88484418392181
"2013-10","50001",5,144615,26.903639793396,-1.51498818397522
"2013-11","50001",16,144615,28.1154975891113,-1.50780344009399
"2013-12","50001",17,144615,28.9400873184204,-0.185635223984718
"2014-01","50001",51,145838,27.8159112930298,-0.0728084370493889
"2014-02","50001",72,145838,28.1762771606445,0.329911381006241
"2014-03","50001",85,145838,26.8772592544556,0.720239996910095
"2014-04","50001",48,145838,26.552354812622,0.62874037027359
"2014-05","50001",23,145838,23.9946022033691,0.957860291004181
"2014-06","50001",19,145838,23.4008836746216,1.03119397163391
"2014-07","50001",2,145838,22.5498180389405,1.41524910926819
"2014-08","50001",4,145838,25.8073463439941,1.43970382213593
"2014-09","50001",29,145838,28.6322498321533,1.3634375333786
"2014-10","50001",6,145838,29.7645635604859,0.218193799257278
"2014-11","50001",12,145838,28.1536054611206,0.500336110591888
"2014-12","50001",15,145838,28.3233203887939,0.180759891867638
"2015-01","50001",18,147030,28.6777715682983,0.26434800028801
"2015-02","50001",12,147030,28.4101104736328,0.317956060171127
"2015-03","50001",32,147030,27.9172344207764,0.277822196483612
"2015-04","50001",36,147030,26.9807844161988,0.113139301538467
"2015-05","50001",26,147030,24.5268001556396,0.187651753425598
"2015-06","50001",20,147030,24.0156183242798,0.0603497959673405
"2015-07","50001",7,147030,23.2973384857178,0.313547313213348
"2015-08","50001",12,147030,26.5180759429931,0.023062601685524
"2015-09","50001",5,147030,27.8219604492188,0.0502368323504925
"2015-10","50001",8,147030,27.6543245315551,-0.34783336520195
"2015-11","50001",14,147030,28.1596050262451,-0.238844975829124
"2015-12","50001",43,147030,28.8121223449707,-0.137725368142128
"2016-01","50001",77,148208,28.8964385986328,1.31499922275543
"2016-02","50001",114,148208,29.037974357605,1.95264732837677
"2016-03","50001",95,148208,27.0536375045777,0.305782824754715
"2016-04","50001",82,148208,27.6375417709351,-0.0353302992880344
"2016-05","50001",25,148208,22.5252408981323,-0.0237533710896969
"2016-06","50001",8,148208,20.153018951416,-0.589802801609039
"2016-07","50001",6,148208,22.8447265625,-0.901399374008179
"2016-08","50001",5,148208,24.8021602630615,-0.128860175609589
"2016-09","50001",6,148208,25.3601922988892,-0.00842909701168537
"2016-10","50001",12,148208,27.9008502960205,0.273073703050613
"2016-11","50001",11,148208,27.1831274032592,0.0093518253415823
"2016-12","50001",17,148208,27.9435367584228,-0.276606887578964
"2017-01","50001",20,149368,28.8971033096314,-0.65641975402832
"2017-02","50001",30,149368,28.3294878005982,0.112210296094418
"2017-03","50001",45,149368,27.9737691879273,0.0143693834543228
"2017-04","50001",39,149368,25.6016521453857,-0.0485040135681629
"2017-05","50001",16,149368,24.8087968826294,0.113497480750084
"2017-06","50001",9,149368,22.9061975479126,0.127356991171837
"2017-07","50001",11,149368,23.4395303726197,-0.283257752656937
"2017-08","50001",9,149368,25.7552089691162,-0.267947047948837
"2017-09","50001",12,149368,27.6650648117066,-0.416152775287628
"2017-10","50001",7,149368,27.75634765625,-0.456092655658722
"2017-11","50001",11,149368,27.8680458068848,-0.031383141875267
"2017-12","50001",9,149368,28.550817489624,0.186880141496658
"2018-01","50001",16,150852,27.7394170761109,0.59024852514267
"2018-02","50001",20,150852,27.7624607086181,0.602258801460266
"2018-03","50001",19,150852,27.473349571228,-0.639298915863037
"2018-04","50001",12,150852,27.8768167495728,-1.04491412639618
"2018-05","50001",4,150852,25.2841844558716,-0.899674594402313
"2018-06","50001",2,150852,21.2701625823975,-1.03344643115997
"2018-07","50001",1,150852,22.2814435958862,-1.30878257751465
"2018-08","50001",1,150852,22.2922124862671,-0.631523609161377
"2018-09","50001",1,150852,26.7084007263184,-0.655857801437378
"2018-10","50001",1,150852,27.6658630371094,-0.469316214323044
"2018-11","50001",4,150852,27.9412927627564,0.0552402175962925
"2018-12","50001",5,150852,28.5098314285278,-0.710533142089844
"2019-01","50001",8,151897,29.037236213684,-1.59552049636841
"2019-02","50001",17,151897,28.5671157836914,-1.76917803287506
"2019-03","50001",96,151897,27.4859828948975,-1.7353698015213
"2019-04","50001",226,151897,26.6442651748658,-1.67220950126648
"2019-05","50001",159,151897,24.5588846206665,-1.84986114501953
"2019-06","50001",94,151897,24.2906942367554,-2.24959421157837
"2019-07","50001",35,151897,22.1613693237305,-2.37190651893616
"2019-08","50001",26,151897,24.0644168853759,-2.67481517791748
"2019-09","50001",31,151897,27.1685590744018,-3.17272996902466
"2001-01","50002",1,99375,27.7888498306274,1.60573995113373
"2001-02","50002",0,99375,27.7907075881958,2.2443220615387
"2001-03","50002",5,99375,27.3390197753906,1.54781866073608
"2001-04","50002",5,99375,26.8480253219604,0.144743755459785
"2001-05","50002",4,99375,22.5439186096191,0.0052343187853694
"2001-06","50002",1,99375,21.5413513183594,-0.319281578063965
"2001-07","50002",2,99375,23.8734302520752,-0.531808376312256
"2001-08","50002",0,99375,26.0546789169311,-0.890479862689972
"2001-09","50002",0,99375,26.226263999939,-1.08585369586945
"2001-10","50002",0,99375,27.3242301940918,-1.36502254009247
"2001-11","50002",3,99375,27.8359174728393,-1.07348239421844
"2001-12","50002",3,99375,27.1134099960328,-0.841826856136322
"2002-01","50002",24,100374,27.6524391174316,-1.27390158176422
"2002-02","50002",25,100374,27.3924388885498,-1.14503395557404
"2002-03","50002",43,100374,28.1131629943848,-1.68016076087952
"2002-04","50002",33,100374,27.7402610778808,-2.18128061294556
"2002-05","50002",12,100374,25.1871891021729,-1.85520923137665
"2002-06","50002",4,100374,22.8768939971924,-2.12126636505127
"2002-07","50002",1,100374,22.6856422424316,-2.3444402217865
"2002-08","50002",1,100374,24.852071762085,-2.57568335533142
"2002-09","50002",1,100374,25.2418098449707,-2.88120770454407
"2002-10","50002",0,100374,29.0118255615235,-3.28127408027649
"2002-11","50002",8,100374,28.1685428619385,-3.54241871833801
"2002-12","50002",18,100374,28.2190799713135,-4.05493593215942
"2003-01","50002",62,101356,27.8176317214965,-2.97198510169983
"2003-02","50002",47,101356,27.7990398406982,-2.86938071250916
"2003-03","50002",61,101356,27.4290056228638,-2.71671843528748
"2003-04","50002",16,101356,25.5513458251953,-2.77346515655518
"2003-05","50002",5,101356,23.5086793899536,-2.71586728096008
"2003-06","50002",1,101356,24.2222499847412,-2.76823115348816
"2003-07","50002",2,101356,22.1573371887207,-2.82622218132019
"2003-08","50002",0,101356,22.1333937644958,-2.63697719573975
"2003-09","50002",0,101356,25.7076663970947,-2.15783762931824
"2003-10","50002",0,101356,27.4814682006836,-2.36569833755493
"2003-11","50002",2,101356,27.661205291748,-2.57818984985352
"2003-12","50002",0,101356,27.8377552032471,-2.5587010383606
"2004-01","50002",0,103417,28.0323057174682,-2.39037108421326
"2004-02","50002",3,103417,27.6985111236572,-2.257652759552
"2004-03","50002",0,103417,27.6007022857666,-2.38912129402161
"2004-04","50002",0,103417,27.3812313079834,-2.35563826560974
"2004-05","50002",0,103417,21.1271495819092,-1.4264657497406
"2004-06","50002",0,103417,22.4669313430786,-1.10431408882141
"2004-07","50002",0,103417,21.7585577964783,-0.93273514509201
"2004-08","50002",1,103417,23.469861984253,-0.929538428783417
"2004-09","50002",0,103417,26.3836269378662,-1.08584606647491
"2004-10","50002",0,103417,27.1799173355103,-1.00123369693756
"2004-11","50002",0,103417,26.8293676376343,-0.948466122150421
"2004-12","50002",0,103417,27.6137418746948,-1.0426173210144
"2005-01","50002",0,104556,26.9397974014282,-0.522997200489044
"2005-02","50002",0,104556,27.8854656219482,-1.48519158363342
"2005-03","50002",0,104556,27.62331199646,-1.88237917423248
"2005-04","50002",0,104556,26.0651941299438,-1.67080390453339
"2005-05","50002",1,104556,24.615662574768,-1.7594290971756
"2005-06","50002",1,104556,23.5553960800171,-1.73077702522278
"2005-07","50002",1,104556,21.687994480133,-1.82344675064087
"2005-08","50002",0,104556,24.8438196182251,-2.05449199676514
"2005-09","50002",0,104556,22.8472318649292,-1.62246596813202
"2005-10","50002",0,104556,26.7835388183594,-1.64512169361115
"2005-11","50002",0,104556,27.5694637298584,-1.48047590255737
"2005-12","50002",0,104556,27.5363502502442,-1.873370885849
"2006-01","50002",4,105688,27.7290687561036,-1.98273766040802
"2006-02","50002",2,105688,27.7700662612915,-1.99707758426666
"2006-03","50002",9,105688,27.6304092407226,-1.95819640159607
"2006-04","50002",11,105688,25.9736194610596,-1.80163407325745
"2006-05","50002",12,105688,22.0237169265747,-1.91785824298859
"2006-06","50002",14,105688,23.1220836639405,-1.98562657833099
"2006-07","50002",6,105688,23.9809837341308,-1.94995653629303
"2006-08","50002",3,105688,24.6993732452393,-2.10757184028626
"2006-09","50002",8,105688,25.0746870040893,-2.13923978805542
"2006-10","50002",22,105688,27.7363805770874,-0.510213315486908
"2006-11","50002",178,105688,27.6374788284302,-0.574666440486908
"2006-12","50002",293,105688,28.1472644805908,0.183425590395927
"2007-01","50002",1518,100599,27.6278238296509,0.839789092540741
"2007-02","50002",456,100599,28.0798311233521,1.06508100032806
"2007-03","50002",119,100599,27.5262613296509,-0.195978805422783
"2007-04","50002",21,100599,27.0023031234741,-0.0480128638446331
"2007-05","50002",1,100599,22.5254545211792,-0.56373929977417
"2007-06","50002",0,100599,22.74378490448,-0.901168346405029
"2007-07","50002",0,100599,20.8741250038147,-0.976286768913269
"2007-08","50002",0,100599,22.3419551849366,-1.19606649875641
"2007-09","50002",0,100599,27.992431640625,-1.7425252199173
"2007-10","50002",5,100599,27.8774089813232,-1.92100942134857
"2007-11","50002",20,100599,27.4270849227906,-0.716685175895691
"2007-12","50002",288,100599,27.5373678207398,-0.55394834280014
"2008-01","50002",0,103587,26.9540262222291,-0.0258152317255735
"2008-02","50002",1,103587,27.1567306518555,0.43755629658699
"2008-03","50002",5,103587,26.9811439514161,-1.07951843738556
"2008-04","50002",3,103587,25.279239654541,-1.27615201473236
"2008-05","50002",0,103587,22.8532238006592,-1.30817854404449
"2008-06","50002",1,103587,20.9869489669799,-1.502272605896
"2008-07","50002",0,103587,24.7177276611328,-1.77998435497284
"2008-08","50002",0,103587,24.4390935897828,-1.8462393283844
"2008-09","50002",0,103587,24.154990196228,-1.89774215221405
"2008-10","50002",1,103587,27.6093463897706,-1.96579658985138
"2008-11","50002",1,103587,27.7358856201172,-1.71789181232452
"2008-12","50002",0,103587,28.1915407180786,-2.09922933578491
"2009-01","50002",5,104043,26.6146602630615,-2.26426100730896
"2009-02","50002",2,104043,27.8566150665283,-2.35263562202454
"2009-03","50002",5,104043,28.245397567749,-2.47611260414124
"2009-04","50002",10,104043,27.381275177002,-3.01646280288696
"2009-05","50002",15,104043,24.6503534317017,-3.05876684188843
"2009-06","50002",16,104043,20.9398112297058,-1.91193735599518
"2009-07","50002",7,104043,21.4307765960694,-0.446790814399719
"2009-08","50002",1,104043,23.8794193267822,-0.34836819767952
"2009-09","50002",17,104043,24.885048866272,-0.659732937812805
"2009-10","50002",36,104043,27.3854217529296,-0.385616481304169
"2009-11","50002",181,104043,29.9062156677246,-0.824030518531799
"2009-12","50002",293,104043,27.6532630920411,-0.20700666308403
"2010-01","50002",255,105446,27.4454126358033,-0.165613129734993
"2010-02","50002",84,105446,28.7831020355225,-0.0500193014740944
"2010-03","50002",51,105446,28.0725984573364,-0.304251283407211
"2010-04","50002",19,105446,25.9094409942627,-0.781970381736755
"2010-05","50002",3,105446,21.7674074172973,-0.450998812913895
"2010-06","50002",4,105446,22.7853021621704,-0.736691534519196
"2010-07","50002",0,105446,21.583758354187,-0.392228215932846
"2010-08","50002",1,105446,23.1861591339112,-0.567652881145477
"2010-09","50002",3,105446,25.9061279296875,-0.3780317902565
"2010-10","50002",2,105446,26.2288475036622,-0.607808411121368
"2010-11","50002",2,105446,26.4611387252808,-0.735529601573944
"2010-12","50002",12,105446,28.1379928588868,-0.304101377725601
"2011-01","50002",14,105957,27.6200103759765,0.12122754752636
"2011-02","50002",25,105957,27.2749404907226,0.670135498046875
"2011-03","50002",4,105957,26.7394609451294,0.684945702552795
"2011-04","50002",3,105957,26.2436800003051,1.22116649150848
"2011-05","50002",1,105957,23.4266309738159,-0.69047874212265
"2011-06","50002",0,105957,21.937744140625,-0.786693334579468
"2011-07","50002",0,105957,22.8096485137939,-0.469052970409393
"2011-08","50002",1,105957,23.9089221954346,-0.454693049192429
"2011-09","50002",0,105957,26.3928136825561,-0.534968912601471
"2011-10","50002",4,105957,27.4982433319092,-0.447561651468277
"2011-11","50002",0,105957,27.6559028625488,-0.717804133892059
"2011-12","50002",0,105957,27.7204370498658,-0.913106203079224
"2012-01","50002",1,106489,27.5371894836425,-0.715733647346497
"2012-02","50002",6,106489,28.288743019104,-0.659306347370148
"2012-03","50002",5,106489,26.8782835006714,-1.07568097114563
"2012-04","50002",5,106489,25.8526983261108,-0.547861397266388
"2012-05","50002",3,106489,24.053915977478,-0.749801993370056
"2012-06","50002",7,106489,22.3606128692627,-0.363409757614136
"2012-07","50002",2,106489,21.0777506828308,-0.796485722064972
"2012-08","50002",1,106489,25.1257848739624,-1.00729382038116
"2012-09","50002",2,106489,27.2623720169067,-1.33584272861481
"2012-10","50002",5,106489,29.0006265640259,-1.65079653263092
"2012-11","50002",78,106489,28.3179941177369,-1.52130746841431
"2012-12","50002",125,106489,28.5197401046753,-1.87814939022064
"2013-01","50002",1013,108827,27.9458723068237,-2.49193120002747
"2013-02","50002",1077,108827,28.0540847778321,-2.83132457733154
"2013-03","50002",539,108827,27.017128944397,-3.04248094558716
"2013-04","50002",151,108827,25.5930871963501,-1.87689077854157
"2013-05","50002",40,108827,24.2272787094116,-1.91618263721466
"2013-06","50002",9,108827,23.0786113739013,-1.3097083568573
"2013-07","50002",10,108827,22.4004125595093,-1.54008853435516
"2013-08","50002",5,108827,21.9247612953186,-1.5959404706955
"2013-09","50002",1,108827,25.4467220306396,-1.72654175758362
"2013-10","50002",6,108827,26.8500118255616,-1.65393126010895
"2013-11","50002",3,108827,27.7635774612427,-1.73183715343475
"2013-12","50002",27,108827,28.3821649551392,-1.38580071926117
"2014-01","50002",29,109410,27.3674325942993,-1.15086686611176
"2014-02","50002",33,109410,28.1627559661866,0.0687983557581902
"2014-03","50002",19,109410,26.4775199890137,0.519336879253388
"2014-04","50002",7,109410,26.1732378005982,0.335246503353119
"2014-05","50002",6,109410,23.5640058517456,0.638127982616425
"2014-06","50002",2,109410,23.0330371856689,0.738521873950958
"2014-07","50002",3,109410,22.2485322952271,1.07307314872742
"2014-08","50002",4,109410,25.4022750854492,1.10805034637451
"2014-09","50002",3,109410,27.6278429031372,1.14214682579041
"2014-10","50002",1,109410,29.619179725647,0.402692049741745
"2014-11","50002",2,109410,27.5941152572631,0.901189148426056
"2014-12","50002",2,109410,27.6830348968506,0.595213234424591
"2015-01","50002",16,109979,27.9655408859253,0.692026436328888
"2015-02","50002",10,109979,27.94753074646,0.498374491930008
"2015-03","50002",32,109979,27.3302040100097,0.149596750736237
"2015-04","50002",28,109979,26.5695495605469,0.2838294506073
"2015-05","50002",35,109979,24.1605224609375,0.525454699993134
"2015-06","50002",17,109979,23.851092338562,0.390119910240173
"2015-07","50002",5,109979,22.7896194458008,0.820566594600678
"2015-08","50002",10,109979,26.4351377487183,1.00010406970978
"2015-09","50002",13,109979,26.8997783660889,1.37490832805634
"2015-10","50002",23,109979,27.6922655105591,1.09509420394897
"2015-11","50002",38,109979,27.6727313995362,1.43631708621979
"2015-12","50002",72,109979,28.1602859497071,2.17717289924622
"2016-01","50002",279,110540,28.192328453064,3.09003472328186
"2016-02","50002",93,110540,28.6747608184814,4.12154912948608
"2016-03","50002",21,110540,26.5261087417603,1.08538472652435
"2016-04","50002",35,110540,27.4699649810791,0.892979383468628
"2016-05","50002",3,110540,22.1851415634155,1.0994439125061
"2016-06","50002",3,110540,19.939127445221,-0.367156594991684
"2016-07","50002",2,110540,22.4318494796753,-0.624629735946655
"2016-08","50002",2,110540,24.6396207809448,-0.393319845199585
"2016-09","50002",2,110540,24.7579479217529,-0.316670179367065
"2016-10","50002",3,110540,27.5247297286987,-0.282468974590302
"2016-11","50002",1,110540,26.8600521087646,-0.548497200012207
"2016-12","50002",8,110540,27.4066801071167,-0.824259877204895
"2017-01","50002",1,111093,28.0998058319092,-1.09776473045349
"2017-02","50002",2,111093,28.0358858108521,-0.558495700359345
"2017-03","50002",7,111093,27.5396556854248,-0.697318315505981
"2017-04","50002",1,111093,25.3307456970215,-0.704306423664093
"2017-05","50002",1,111093,24.6768741607667,-0.507457673549652
"2017-06","50002",4,111093,22.6427841186524,-0.416084825992584
"2017-07","50002",1,111093,23.074110031128,-0.743596374988556
"2017-08","50002",0,111093,25.6512117385864,-0.791855275630951
"2017-09","50002",1,111093,27.3913812637329,-0.899061262607575
"2017-10","50002",2,111093,27.5301551818848,-1.01739823818207
"2017-11","50002",2,111093,27.3571300506592,-0.360012650489807
"2017-12","50002",4,111093,28.0648393630982,-0.28287073969841
"2018-01","50002",19,111946,27.0638399124146,0.158661216497421
"2018-02","50002",6,111946,27.3087129592896,0.00624345242977142
"2018-03","50002",0,111946,27.0911474227905,-0.592196345329285
"2018-04","50002",2,111946,27.562515258789,-1.08515119552612
"2018-05","50002",1,111946,25.0175619125366,-0.831521272659302
"2018-06","50002",3,111946,21.4198703765869,-0.940092325210571
"2018-07","50002",0,111946,22.1530046463013,-1.2229642868042
"2018-08","50002",0,111946,22.1492304801941,-1.01107800006866
"2018-09","50002",0,111946,26.1046075820923,-0.54355788230896
"2018-10","50002",0,111946,27.3010616302491,-0.0476555116474628
"2018-11","50002",4,111946,27.7117691040039,0.439873397350311
"2018-12","50002",4,111946,28.2834644317627,-0.44206029176712
"2019-01","50002",4,112404,28.4244995117188,-1.11092674732208
"2019-02","50002",38,112404,28.2521772384643,-1.2716748714447
"2019-03","50002",124,112404,27.0642042160034,-1.12754368782043
"2019-04","50002",276,112404,26.4197158813476,-1.1358630657196
"2019-05","50002",78,112404,24.3960514068604,-1.41510653495789
"2019-06","50002",27,112404,24.2742071151733,-1.684854388237
"2019-07","50002",23,112404,21.8565435409546,-1.84761154651642
"2019-08","50002",10,112404,24.0627880096436,-2.10590076446533
"2019-09","50002",15,112404,26.8437328338623,-2.69246077537537
"2001-01","50003",0,105817,27.1803674697876,-0.672885775566101
"2001-02","50003",2,105817,27.2557239532471,-0.791676104068756
"2001-03","50003",6,105817,27.0051326751709,0.195576757192612
"2001-04","50003",14,105817,26.5594730377197,0.199785500764847
"2001-05","50003",24,105817,23.1658229827881,0.551871538162231
"2001-06","50003",7,105817,21.8727722167969,0.267861723899841
"2001-07","50003",1,105817,24.1435384750366,0.224821835756302
"2001-08","50003",3,105817,25.3342275619507,0.672113955020905
"2001-09","50003",2,105817,26.4406728744506,0.499083191156387
"2001-10","50003",2,105817,27.0466604232789,0.346739083528519
"2001-11","50003",19,105817,27.1208848953247,1.23443925380707
"2001-12","50003",16,105817,26.5996761322021,1.96982455253601
"2002-01","50003",244,106904,27.0158576965332,1.181560754776
"2002-02","50003",236,106904,26.7101821899414,1.7663916349411
"2002-03","50003",69,106904,27.5327653884887,0.148459583520889
"2002-04","50003",9,106904,27.4513158798218,-0.197801128029823
"2002-05","50003",2,106904,25.0811023712158,-0.191579669713974
"2002-06","50003",1,106904,23.5065212249756,-0.708250045776367
"2002-07","50003",1,106904,23.5955152511597,-0.878840804100037
"2002-08","50003",1,106904,25.0203304290771,-0.969574093818665
"2002-09","50003",1,106904,25.761682510376,-1.17954409122467
"2002-10","50003",1,106904,29.140902519226,-1.20337545871735
"2002-11","50003",1,106904,27.7582483291626,-1.69195508956909
"2002-12","50003",13,106904,27.9258537292481,-1.86099660396576
"2003-01","50003",9,108240,27.0385932922363,-0.718565165996552
"2003-02","50003",36,108240,27.3225469589234,-0.977295279502869
"2003-03","50003",33,108240,26.9916877746582,-1.06113374233246
"2003-04","50003",16,108240,25.5071659088135,-0.875745356082916
"2003-05","50003",12,108240,23.6417121887207,-0.736849844455719
"2003-06","50003",4,108240,24.015718460083,-0.859973967075348
"2003-07","50003",1,108240,22.7124228477478,-0.957953870296478
"2003-08","50003",2,108240,22.7489476203918,-0.906769335269928
"2003-09","50003",0,108240,26.1225423812866,-0.469788998365402
"2003-10","50003",3,108240,27.2653198242188,-0.6610307097435
"2003-11","50003",10,108240,27.0221643447876,-0.736654818058014
"2003-12","50003",25,108240,27.8642349243164,-0.786144077777863
"2004-01","50003",90,111161,27.1584053039551,-1.78187000751495
"2004-02","50003",45,111161,26.943769454956,-1.70941996574402
"2004-03","50003",25,111161,27.2672204971313,-2.30803608894348
"2004-04","50003",8,111161,26.5887212753296,-2.62182641029358
"2004-05","50003",13,111161,22.0608515739441,-1.49984955787659
"2004-06","50003",3,111161,22.503210067749,-1.4223210811615
"2004-07","50003",0,111161,22.2743563652039,-1.34617459774017
"2004-08","50003",0,111161,23.6108331680298,-1.44834697246552
"2004-09","50003",2,111161,27.0002698898316,-1.86580765247345
"2004-10","50003",1,111161,27.2737188339234,-1.55660212039948
"2004-11","50003",0,111161,26.5055446624756,-1.22522389888763
"2004-12","50003",7,111161,27.1019821166993,-0.969884693622589
"2005-01","50003",3,112712,26.4147195816041,-0.705823540687561
"2005-02","50003",6,112712,27.4397859573364,-2.01826214790344
"2005-03","50003",1,112712,27.0632772445679,-2.38427996635437
"2005-04","50003",2,112712,26.196084022522,-1.86782312393188
"2005-05","50003",2,112712,24.6279811859131,-1.78213810920715
"2005-06","50003",7,112712,23.5172748565674,-1.7543238401413
"2005-07","50003",1,112712,22.3938655853271,-1.84092140197754
"2005-08","50003",2,112712,24.8865728378296,-2.09238457679749
"2005-09","50003",0,112712,24.1909036636352,-1.89133894443512
"2005-10","50003",0,112712,27.5926313400268,-2.01743364334106
"2005-11","50003",0,112712,26.97487449646,-2.38437008857727
"2005-12","50003",5,112712,26.779239654541,-2.91836333274841
"2006-01","50003",8,114252,27.1853914260864,-3.20519423484802
"2006-02","50003",25,114252,27.0365085601807,-0.798828601837158
"2006-03","50003",69,114252,27.0622901916504,-0.993628919124603
"2006-04","50003",155,114252,25.5377502441406,-1.30674362182617
"2006-05","50003",39,114252,22.7024307250976,-1.28861963748932
"2006-06","50003",19,114252,23.3034553527832,-1.42154490947723
"2006-07","50003",5,114252,23.8345079421997,-1.485591173172
"2006-08","50003",2,114252,24.8013286590576,-1.54988729953766
"2006-09","50003",0,114252,25.4403152465821,-1.58004808425903
"2006-10","50003",6,114252,27.2925109863281,-1.23908221721649
"2006-11","50003",187,114252,27.2238206863403,-1.58013677597046
"2006-12","50003",293,114252,27.3767776489258,-0.577323794364929
"2007-01","50003",964,113084,27.0410480499268,0.555324792861939
"2007-02","50003",643,113084,27.211835861206,-0.756306707859039
"2007-03","50003",461,113084,27.3040323257447,-1.33887112140656
"2007-04","50003",259,113084,26.5939960479736,-1.62562775611877
"2007-05","50003",151,113084,23.4206809997559,-1.53763806819916
"2007-06","50003",21,113084,23.2063522338867,-1.76927542686462
"2007-07","50003",5,113084,22.2035622596741,-1.52928280830383
"2007-08","50003",2,113084,23.1130242347717,-1.71008837223053
"2007-09","50003",5,113084,28.1625671386719,-2.30515241622925
"2007-10","50003",4,113084,27.7549295425415,-1.38284862041473
"2007-11","50003",17,113084,27.1839971542359,0.13945771753788
"2007-12","50003",106,113084,27.0272331237793,0.61005437374115
"2008-01","50003",24,116039,26.3920984268188,1.24629652500153
"2008-02","50003",19,116039,26.7287530899048,0.974890649318695
"2008-03","50003",27,116039,26.5857315063476,0.165421545505524
"2008-04","50003",21,116039,25.2941646575928,0.348578035831451
"2008-05","50003",3,116039,23.2652568817139,-0.477797955274582
"2008-06","50003",6,116039,21.8551077842713,-0.630354225635529
"2008-07","50003",1,116039,24.3467779159546,-0.87197333574295
"2008-08","50003",0,116039,24.6351337432861,-0.976978242397308
"2008-09","50003",1,116039,25.113389968872,-1.13395476341248
"2008-10","50003",1,116039,27.8284521102905,-1.47241640090942
"2008-11","50003",1,116039,27.279767036438,-1.75836932659149
"2008-12","50003",2,116039,27.2362852096558,-1.69342017173767
"2009-01","50003",5,117160,26.3109130859375,-1.1389422416687
"2009-02","50003",11,117160,27.1182336807251,-1.40334916114807
"2009-03","50003",20,117160,27.714168548584,-1.24186217784882
"2009-04","50003",18,117160,26.4238548278809,-1.88027679920197
"2009-05","50003",15,117160,24.6877155303955,-1.90535926818848
"2009-06","50003",5,117160,21.5856719017029,-0.459059685468674
"2009-07","50003",6,117160,22.5954761505127,0.0622153580188751
"2009-08","50003",0,117160,23.962779045105,0.697640180587769
"2009-09","50003",12,117160,25.6323270797729,0.917127311229706
"2009-10","50003",37,117160,27.296425819397,0.681939125061035
"2009-11","50003",255,117160,28.8388614654541,-0.324225097894669
"2009-12","50003",412,117160,26.9725275039673,0.674997210502625
"2010-01","50003",395,117215,26.9342346191406,0.670653879642487
"2010-02","50003",516,117215,28.0086650848389,0.58171409368515
"2010-03","50003",542,117215,27.6360015869141,0.674628615379334
"2010-04","50003",401,117215,25.7242851257324,-0.993158519268036
"2010-05","50003",179,117215,22.6782789230347,-0.93826550245285
"2010-06","50003",73,117215,22.9865379333496,-1.1054230928421
"2010-07","50003",39,117215,22.6139602661133,-1.09315884113312
"2010-08","50003",26,117215,23.5415353775024,-1.36989760398865
"2010-09","50003",14,117215,26.6921606063842,-1.5614926815033
"2010-10","50003",17,117215,26.7229881286622,-1.61798846721649
"2010-11","50003",46,117215,26.2077465057373,-1.79099786281586
"2010-12","50003",106,117215,27.465217590332,-1.90742599964142
"2011-01","50003",149,118180,26.9470520019531,0.250962764024735
"2011-02","50003",220,118180,26.8313484191894,0.61620306968689
"2011-03","50003",186,118180,26.378363609314,1.03889989852905
"2011-04","50003",193,118180,26.0220813751221,1.27765822410584
"2011-05","50003",113,118180,23.8029947280884,-0.617141544818878
"2011-06","50003",35,118180,22.3506784439087,-0.560174405574799
"2011-07","50003",17,118180,23.4567403793335,-0.695244371891022
"2011-08","50003",9,118180,24.4047365188599,-0.718129634857178
"2011-09","50003",2,118180,26.835096359253,-1.01740062236786
"2011-10","50003",2,118180,27.1085958480835,-0.990137875080109
"2011-11","50003",6,118180,27.0256900787354,-1.36981070041657
"2011-12","50003",11,118180,27.0731744766235,-1.59522545337677
"2012-01","50003",17,119147,26.497935295105,-1.71220314502716
"2012-02","50003",16,119147,27.2883348464966,-1.43453681468964
"2012-03","50003",41,119147,26.7495718002319,-1.58094263076782
"2012-04","50003",35,119147,25.8673763275146,-1.65176153182983
"2012-05","50003",27,119147,24.0559616088867,-1.79816949367523
"2012-06","50003",48,119147,22.936414718628,-1.57729637622833
"2012-07","50003",17,119147,22.2460527420044,-1.66417455673218
"2012-08","50003",23,119147,24.7498397827149,-1.91507565975189
"2012-09","50003",32,119147,27.4079971313476,-2.15755605697632
"2012-10","50003",19,119147,28.8810377120972,-2.74117636680603
"2012-11","50003",48,119147,27.4392957687378,-2.57676649093628
"2012-12","50003",84,119147,27.8925371170044,-2.60567426681519
"2013-01","50003",560,122435,26.9906597137451,-2.98206043243408
"2013-02","50003",1136,122435,27.5445489883423,-2.84155368804932
"2013-03","50003",1240,122435,26.9820261001587,-3.15729451179504
"2013-04","50003",692,122435,25.2551898956299,-2.79006814956665
"2013-05","50003",211,122435,24.5321435928345,-2.83988642692566
"2013-06","50003",91,122435,23.5783252716065,-1.90984392166138
"2013-07","50003",29,122435,23.0848741531372,-1.80634605884552
"2013-08","50003",13,122435,22.6375913619995,-1.90353953838348
"2013-09","50003",10,122435,26.0768537521363,-1.86032056808472
"2013-10","50003",8,122435,26.8756837844848,-1.8893221616745
"2013-11","50003",37,122435,27.2287340164184,-1.99786567687988
"2013-12","50003",33,122435,27.4607439041138,-0.64349901676178
"2014-01","50003",29,123553,26.82497215271,-0.536683201789856
"2014-02","50003",16,123553,27.3130931854248,0.24444554746151
"2014-03","50003",17,123553,26.3364295959473,0.658035933971405
"2014-04","50003",12,123553,25.878137588501,0.440780162811279
"2014-05","50003",10,123553,23.8897285461426,0.831131517887116
"2014-06","50003",5,123553,23.5916328430176,0.787593483924866
"2014-07","50003",1,123553,22.715672492981,1.21725726127625
"2014-08","50003",4,123553,25.1820316314697,0.826126575469971
"2014-09","50003",0,123553,27.8211498260498,0.709253191947937
"2014-10","50003",4,123553,29.2782964706421,-0.00454531470313668
"2014-11","50003",3,123553,27.2250957489014,0.312499850988388
"2014-12","50003",22,123553,27.0630874633789,0.324540883302689
"2015-01","50003",174,124641,27.4330167770386,0.477449476718903
"2015-02","50003",257,124641,27.2426691055298,0.776808977127075
"2015-03","50003",464,124641,26.746376991272,1.034712433815
"2015-04","50003",383,124641,26.1607208251953,-0.263452142477036
"2015-05","50003",208,124641,24.2993478775024,-0.349444955587387
"2015-06","50003",80,124641,23.7932357788086,-0.478157550096512
"2015-07","50003",28,124641,23.4927787780762,-0.305046856403351
"2015-08","50003",35,124641,25.9753856658935,-0.600769102573395
"2015-09","50003",39,124641,27.5151205062866,-0.760256826877594
"2015-10","50003",28,124641,27.6475667953491,-1.25608730316162
"2015-11","50003",210,124641,27.4843111038208,-1.21733438968658
"2015-12","50003",465,124641,27.6814804077149,-1.04656755924225
"2016-01","50003",1087,125714,27.0607032775879,0.0116157801821828
"2016-02","50003",1254,125714,27.8906497955322,0.479704588651657
"2016-03","50003",886,125714,26.7986602783203,-0.864359736442566
"2016-04","50003",279,125714,27.1112804412842,-0.915796220302582
"2016-05","50003",109,125714,23.3661708831787,-1.17701435089111
"2016-06","50003",48,125714,21.2430486679077,-1.22880494594574
"2016-07","50003",24,125714,23.2739782333374,-1.44032430648804
"2016-08","50003",21,125714,24.7377185821533,-0.162011682987213
"2016-09","50003",28,125714,25.671851158142,-0.134032279253006
"2016-10","50003",23,125714,27.5963678359985,0.220070198178291
"2016-11","50003",19,125714,26.6697101593018,0.187758460640907
"2016-12","50003",65,125714,27.0614013671875,0.137854233384132
"2017-01","50003",62,126775,27.4572105407715,0.0247744303196669
"2017-02","50003",71,126775,27.4125604629517,0.493540227413178
"2017-03","50003",48,126775,27.3852243423462,0.133073300123215
"2017-04","50003",30,126775,25.4984121322632,-0.0664686262607575
"2017-05","50003",28,126775,25.0197610855103,-0.176953852176666
"2017-06","50003",18,126775,23.0387582778931,-0.21212799847126
"2017-07","50003",8,126775,22.8943643569946,-0.423527628183365
"2017-08","50003",7,126775,25.4572811126709,-0.360660254955292
"2017-09","50003",6,126775,27.5522632598877,-0.59599781036377
"2017-10","50003",18,126775,27.9783849716186,-0.739773988723755
"2017-11","50003",10,126775,26.9638910293579,0.0895950868725777
"2017-12","50003",9,126775,27.2977752685547,0.500059843063355
"2018-01","50003",12,128094,26.6795454025268,0.965679585933685
"2018-02","50003",7,128094,26.8030118942261,0.950789272785187
"2018-03","50003",12,128094,27.1001605987549,-0.593685865402222
"2018-04","50003",6,128094,26.6840000152588,-0.735782444477081
"2018-05","50003",4,128094,24.7398357391357,-0.783183395862579
"2018-06","50003",1,128094,22.2543139457702,-0.88793009519577
"2018-07","50003",5,128094,23.0733366012573,-1.10430943965912
"2018-08","50003",1,128094,23.0391635894775,-0.930709362030029
"2018-09","50003",2,128094,26.4852705001831,-0.868601441383362
"2018-10","50003",2,128094,27.5178003311158,-0.816908121109009
"2018-11","50003",3,128094,27.0678720474243,-0.673657655715942
"2018-12","50003",13,128094,27.6693000793457,-0.876922130584717
"2019-01","50003",59,129113,27.8700895309448,-1.630575299263
"2019-02","50003",317,129113,27.6429080963135,-1.72580945491791
"2019-03","50003",607,129113,27.101432800293,-2.00479888916016
"2019-04","50003",721,129113,26.187912940979,-1.88825869560242
"2019-05","50003",771,129113,24.8084678649902,-1.95639085769653
"2019-06","50003",425,129113,24.202977180481,-2.08097171783447
"2019-07","50003",174,129113,22.6098318099976,-2.20279860496521
"2019-08","50003",104,129113,24.4556894302368,-2.48715686798096
"2019-09","50003",46,129113,27.1213550567627,-2.80060052871704
"2001-01","50004",67,740422,26.1939783096313,0.222480058670044
"2001-02","50004",231,740422,26.4992580413818,1.04722666740417
"2001-03","50004",777,740422,25.9042835235595,1.11025428771973
"2001-04","50004",2617,740422,25.7651262283325,0.976892232894897
"2001-05","50004",2133,740422,21.3894505500793,1.14461731910706
"2001-06","50004",189,740422,20.5830712318421,0.0517256185412407
"2001-07","50004",29,740422,22.7147331237793,-0.1226492151618
"2001-08","50004",24,740422,24.9989576339722,-0.438868492841721
"2001-09","50004",20,740422,24.6897916793823,-0.438267976045609
"2001-10","50004",78,740422,26.002212524414,-0.910043478012085
"2001-11","50004",286,740422,26.3813009262085,0.393847167491913
"2001-12","50004",686,740422,25.7401046752929,0.883285582065582
"2002-01","50004",3784,755259,25.9663848876953,0.446931749582291
"2002-02","50004",3320,755259,26.0467338562012,1.25560176372528
"2002-03","50004",1592,755259,26.7843246459961,-0.997257053852081
"2002-04","50004",486,755259,26.7615184783935,-1.83694684505463
"2002-05","50004",90,755259,24.0029945373536,-1.28499448299408
"2002-06","50004",28,755259,22.2965641021729,-1.69456517696381
"2002-07","50004",10,755259,21.9576601982117,-1.7499235868454
"2002-08","50004",24,755259,24.1797447204589,-1.89608263969421
"2002-09","50004",3,755259,23.8766374588013,-2.32345676422119
"2002-10","50004",4,755259,27.9491004943848,-2.48899078369141
"2002-11","50004",19,755259,26.7885112762451,-2.54703283309937
"2002-12","50004",99,755259,27.0902290344238,-3.17115521430969
"2003-01","50004",89,769785,26.1360607147217,-0.293401896953583
"2003-02","50004",244,769785,26.7535686492919,-0.0560821332037449
"2003-03","50004",345,769785,25.9878807067872,-0.117086201906204
"2003-04","50004",329,769785,24.5499210357667,0.00028606745763681
"2003-05","50004",105,769785,22.3044033050537,-0.0906383544206619
"2003-06","50004",43,769785,23.3213386535644,-0.209753602743149
"2003-07","50004",11,769785,21.2398300170899,-0.421553581953049
"2003-08","50004",0,769785,21.5123844146729,-0.450834780931473
"2003-09","50004",0,769785,24.1966772079468,0.108491435647011
"2003-10","50004",0,769785,26.0425291061402,-0.258174896240234
"2003-11","50004",0,769785,26.051456451416,-0.29667004942894
"2003-12","50004",6,769785,26.5761947631836,-0.269319832324982
"2004-01","50004",7,800280,26.2983198165893,-0.693291366100311
"2004-02","50004",4,800280,26.3546466827393,-1.41575622558594
"2004-03","50004",2,800280,25.9746131896973,-1.88065052032471
"2004-04","50004",6,800280,26.0759057998657,-2.29701614379883
"2004-05","50004",7,800280,19.9967203140259,0.161820441484451
"2004-06","50004",0,800280,21.4014053344726,0.544544816017151
"2004-07","50004",0,800280,20.6783561706543,0.628959476947784
"2004-08","50004",0,800280,22.5972051620484,0.139106646180153
"2004-09","50004",0,800280,25.0302057266235,-0.380915910005569
"2004-10","50004",1,800280,25.7148675918579,-0.170487895607948
"2004-11","50004",0,800280,25.3386850357056,0.0185149740427732
"2004-12","50004",3,800280,25.978157043457,-0.451258361339569
"2005-01","50004",2,817161,25.2761573791504,0.264877259731293
"2005-02","50004",8,817161,26.5817594528198,-1.59775340557098
"2005-03","50004",14,817161,25.9827327728271,-2.25087785720825
"2005-04","50004",25,817161,25.1506719589234,-2.13771557807922
"2005-05","50004",14,817161,23.4902791976929,-2.31484174728394
"2005-06","50004",7,817161,22.7279825210571,-2.27517366409302
"2005-07","50004",2,817161,20.6143631935119,-2.4014093875885
"2005-08","50004",1,817161,23.9751863479614,-2.56349873542786
"2005-09","50004",3,817161,21.4798336029053,-2.01126599311829
"2005-10","50004",3,817161,25.7062301635742,-1.83944416046143
"2005-11","50004",2,817161,25.9660615921021,-1.91454923152924
"2005-12","50004",6,817161,25.8758878707885,-2.03604125976563
"2006-01","50004",22,833909,26.1603269577026,-2.14263486862183
"2006-02","50004",64,833909,26.3241214752198,-0.976689755916595
"2006-03","50004",307,833909,25.9500122070312,-0.857056498527527
"2006-04","50004",606,833909,24.7004556655884,-0.859932780265808
"2006-05","50004",302,833909,21.03067445755,-1.30172502994537
"2006-06","50004",93,833909,21.9868669509888,-1.45198500156403
"2006-07","50004",46,833909,22.7778644561768,-1.49387359619141
"2006-08","50004",13,833909,23.7341289520264,-1.66775989532471
"2006-09","50004",15,833909,23.533390045166,-1.58386898040771
"2006-10","50004",42,833909,26.395565032959,-1.5413476228714
"2006-11","50004",300,833909,26.1138563156128,-1.8855048418045
"2006-12","50004",910,833909,26.6690301895142,0.214573815464973
"2007-01","50004",12320,802066,25.8574848175049,1.61705052852631
"2007-02","50004",16082,802066,26.627721786499,0.522554457187653
"2007-03","50004",11758,802066,26.0477561950684,-0.818965196609497
"2007-04","50004",3806,802066,25.833270072937,-1.01274359226227
"2007-05","50004",931,802066,21.3919205665588,-1.16978597640991
"2007-06","50004",101,802066,21.9114141464234,-1.60618734359741
"2007-07","50004",27,802066,19.976480960846,-1.4933100938797
"2007-08","50004",17,802066,21.68612241745,-1.59160983562469
"2007-09","50004",6,802066,26.5347499847412,-2.23810791969299
"2007-10","50004",13,802066,26.7215461730957,-2.88555455207825
"2007-11","50004",39,802066,25.9034566879272,-2.18446922302246
"2007-12","50004",439,802066,26.0617952346802,-2.33683633804321
"2008-01","50004",47,827433,25.2527780532837,-1.53721833229065
"2008-02","50004",29,827433,25.8412771224976,-1.08756446838379
"2008-03","50004",42,827433,25.3953666687012,-1.54267632961273
"2008-04","50004",27,827433,24.179069519043,-1.37801027297974
"2008-05","50004",12,827433,21.7000112533569,-1.53475153446198
"2008-06","50004",6,827433,20.2329287528992,-1.71740245819092
"2008-07","50004",5,827433,23.4702062606811,-1.99091684818268
"2008-08","50004",8,827433,23.5571851730347,-1.99133563041687
"2008-09","50004",3,827433,22.704306602478,-2.18859004974365
"2008-10","50004",8,827433,26.3498773574829,-2.55830264091492
"2008-11","50004",16,827433,26.1774120330811,-2.34949779510498
"2008-12","50004",16,827433,26.5337905883789,-3.01696586608887
"2009-01","50004",20,837325,24.9946002960205,-2.71877193450928
"2009-02","50004",26,837325,26.4956388473511,-2.82640337944031
"2009-03","50004",82,837325,26.6318664550782,-2.85665512084961
"2009-04","50004",189,837325,25.9955186843872,-3.5404360294342
"2009-05","50004",210,837325,23.3516149520874,-3.67757415771484
"2009-06","50004",81,837325,19.9116477966309,-0.537858128547669
"2009-07","50004",59,837325,20.3461270332336,0.17764650285244
"2009-08","50004",69,837325,22.8855648040771,0.335057258605957
"2009-09","50004",67,837325,23.4350090026856,0.354188948869705
"2009-10","50004",88,837325,25.9245977401734,0.806395649909973
"2009-11","50004",422,837325,28.2701196670533,0.397830843925476
"2009-12","50004",1406,837325,26.1109457015991,1.23345065116882
"2010-01","50004",6486,874205,25.7708292007446,1.4681077003479
"2010-02","50004",8910,874205,27.4199905395508,1.53989112377167
"2010-03","50004",7989,874205,26.4149446487427,1.31671142578125
"2010-04","50004",4435,874205,24.7379846572876,0.751658201217651
"2010-05","50004",1402,874205,20.7926206588746,1.38685405254364
"2010-06","50004",289,874205,21.7890138626099,0.907508194446564
"2010-07","50004",202,874205,20.7496733665467,1.12719166278839
"2010-08","50004",136,874205,22.3611483573914,0.874921321868897
"2010-09","50004",173,874205,24.3905954360962,1.71240639686584
"2010-10","50004",163,874205,24.815390586853,0.663011193275452
"2010-11","50004",324,874205,24.9537754058838,0.098623014986515
"2010-12","50004",728,874205,26.463490486145,-0.189089700579643
"2011-01","50004",584,885360,25.9479656219482,0.120905056595802
"2011-02","50004",461,885360,26.0297203063965,0.434925198554993
"2011-03","50004",478,885360,25.1565008163452,0.0729384645819664
"2011-04","50004",340,885360,25.019287109375,0.701839983463287
"2011-05","50004",117,885360,22.2797336578369,-1.03622353076935
"2011-06","50004",32,885360,20.8672943115234,-1.12982928752899
"2011-07","50004",15,885360,21.7741284370423,-0.808859765529633
"2011-08","50004",31,885360,23.0238122940064,-0.844874918460846
"2011-09","50004",40,885360,24.7125291824341,-1.10192000865936
"2011-10","50004",53,885360,26.0054903030396,-0.999356269836426
"2011-11","50004",46,885360,25.965446472168,-1.1745148897171
"2011-12","50004",49,885360,26.18558883667,-1.74295735359192
"2012-01","50004",130,896489,25.7558078765869,-1.39258420467377
"2012-02","50004",137,896489,26.9562072753906,-1.3208419084549
"2012-03","50004",334,896489,25.3943872451782,-1.81089019775391
"2012-04","50004",465,896489,24.6602258682251,-0.762865781784058
"2012-05","50004",357,896489,22.8061599731445,-1.143918633461
"2012-06","50004",198,896489,21.4487891197205,-0.597973227500916
"2012-07","50004",120,896489,20.1967673301697,-1.16049385070801
"2012-08","50004",65,896489,24.2756614685059,-1.30746269226074
"2012-09","50004",75,896489,25.6427669525146,-1.61469864845276
"2012-10","50004",111,896489,27.6567430496215,-1.73986983299255
"2012-11","50004",322,896489,26.7067232131958,-1.6949223279953
"2012-12","50004",1938,896489,27.1322135925293,-1.96976220607758
"2013-01","50004",19058,928198,26.0519771575928,-2.67929458618164
"2013-02","50004",13392,928198,26.6745586395264,-2.9911367893219
"2013-03","50004",5589,928198,25.3591356277466,-3.37268257141113
"2013-04","50004",1839,928198,24.2960386276245,-0.335149079561234
"2013-05","50004",947,928198,23.0642948150635,-0.244473859667778
"2013-06","50004",351,928198,22.1045551300049,0.554883539676666
"2013-07","50004",217,928198,21.3667092323304,0.285721838474274
"2013-08","50004",114,928198,21.2089610099793,0.209144666790962
"2013-09","50004",90,928198,23.9575910568237,-0.0860817581415176
"2013-10","50004",106,928198,25.5187282562256,0.334048688411713
"2013-11","50004",195,928198,26.2193517684937,0.276426583528519
"2013-12","50004",549,928198,26.804162979126,-0.101009286940098
"2014-01","50004",217,941361,25.9025917053223,-0.154218748211861
"2014-02","50004",260,941361,26.9512844085694,0.851159274578095
"2014-03","50004",190,941361,24.9516868591309,1.21619689464569
"2014-04","50004",227,941361,24.9182453155518,0.960585176944733
"2014-05","50004",139,941361,22.4755878448486,1.11693239212036
"2014-06","50004",66,941361,22.2547035217285,1.10523045063019
"2014-07","50004",62,941361,21.311773777008,1.75609362125397
"2014-08","50004",39,941361,24.3067102432251,1.73809444904327
"2014-09","50004",29,941361,25.9099750518799,2.13294744491577
"2014-10","50004",37,941361,28.1970243453979,0.66736114025116
"2014-11","50004",70,941361,26.116102218628,1.20060515403748
"2014-12","50004",113,941361,26.1641082763672,0.913935899734497
"2015-01","50004",276,954197,26.3564386367798,1.07689261436462
"2015-02","50004",360,954197,26.5367689132691,0.548616409301758
"2015-03","50004",1271,954197,25.6344957351684,0.0374209098517895
"2015-04","50004",1340,954197,25.3069267272949,0.389313191175461
"2015-05","50004",564,954197,22.9485912322998,0.826725661754608
"2015-06","50004",223,954197,22.7962808609009,0.634085953235626
"2015-07","50004",131,954197,21.7346410751343,1.64255106449127
"2015-08","50004",140,954197,25.4142742156982,2.04697704315186
"2015-09","50004",141,954197,25.3747806549072,2.76786136627197
"2015-10","50004",283,954197,26.3976926803589,2.60255765914917
"2015-11","50004",1325,954197,26.1992540359497,3.01035904884338
"2015-12","50004",4395,954197,26.6187429428101,4.43845081329346
"2016-01","50004",10485,966860,26.3149509429931,4.89122819900513
"2016-02","50004",7051,966860,27.330400466919,5.50089263916016
"2016-03","50004",4468,966860,25.1276407241822,2.6328067779541
"2016-04","50004",2157,966860,26.4047327041626,2.75215244293213
"2016-05","50004",179,966860,21.2418522834778,2.85483551025391
"2016-06","50004",39,966860,19.1785306930542,0.783177018165588
"2016-07","50004",20,966860,21.4632248878479,2.0255618095398
"2016-08","50004",36,966860,23.7004327774048,2.09989452362061
"2016-09","50004",40,966860,23.3055276870728,1.90428960323334
"2016-10","50004",35,966860,26.0909900665283,1.77421605587006
"2016-11","50004",30,966860,25.4502477645874,1.40197372436523
"2016-12","50004",432,966860,25.9439086914062,1.13607573509216
"2017-01","50004",94,979364,26.3793516159058,0.826441526412964
"2017-02","50004",101,979364,26.7515449523926,1.07437181472778
"2017-03","50004",99,979364,26.0303230285644,0.849755704402924
"2017-04","50004",74,979364,24.216287612915,0.869816482067108
"2017-05","50004",41,979364,23.5740766525268,0.886403441429138
"2017-06","50004",30,979364,21.6879663467408,0.848994076251984
"2017-07","50004",26,979364,21.8789358139038,0.577185392379761
"2017-08","50004",48,979364,24.6288747787476,0.45156130194664
"2017-09","50004",47,979364,26.0012683868408,0.192218244075775
"2017-10","50004",79,979364,26.2510194778442,0.0656590238213539
"2017-11","50004",205,979364,25.6694450378418,0.401689857244492
"2017-12","50004",223,979364,26.4718980789184,0.514628410339356
"2018-01","50004",308,993101,25.4203271865845,0.770990014076233
"2018-02","50004",207,993101,25.9839248657226,0.711549937725067
"2018-03","50004",214,993101,25.6627292633056,0.517804205417633
"2018-04","50004",184,993101,26.3392829895019,-0.114435121417046
"2018-05","50004",155,993101,23.7722187042236,-0.0181963946670294
"2018-06","50004",88,993101,20.7216281890869,-0.125334098935127
"2018-07","50004",56,993101,21.4014792442322,-0.340569108724594
"2018-08","50004",14,993101,21.4020085334778,-0.354178875684738
"2018-09","50004",11,993101,24.5070085525512,-0.106068685650826
"2018-10","50004",33,993101,25.9837551116944,0.124584935605526
"2018-11","50004",102,993101,26.2003517150879,0.326125144958496
"2018-12","50004",227,993101,26.7320375442505,0.0509979650378227
"2019-01","50004",2063,1005705,26.7971649169922,-0.493492156267166
"2019-02","50004",6101,1005705,26.8545646667481,-0.580844700336456
"2019-03","50004",12090,1005705,25.5495719909668,-0.369625598192215
"2019-04","50004",6723,1005705,25.3390502929688,-0.536117911338806
"2019-05","50004",895,1005705,23.4034223556518,-0.573164939880371
"2019-06","50004",581,1005705,23.3176250457763,-0.769276976585388
"2019-07","50004",180,1005705,20.8890333175659,-0.844344079494476
"2019-08","50004",83,1005705,23.2541809082031,-1.23311400413513
"2019-09","50004",57,1005705,25.3632011413575,-1.91938316822052
"2001-01","50005",1,48351,26.1944599151612,-1.08811974525452
"2001-02","50005",2,48351,26.3861589431762,-0.943737149238586
"2001-03","50005",4,48351,26.0267724990845,0.731446087360382
"2001-04","50005",35,48351,25.6207876205444,0.891080021858215
"2001-05","50005",15,48351,22.3969116210938,1.70166158676147
"2001-06","50005",0,48351,21.0128049850464,1.48270845413208
"2001-07","50005",0,48351,23.0261292457581,1.47198116779327
"2001-08","50005",0,48351,24.2650785446167,1.42962086200714
"2001-09","50005",0,48351,25.1577262878418,1.45123088359833
"2001-10","50005",0,48351,26.1051149368286,1.29084479808807
"2001-11","50005",0,48351,26.073052406311,2.96137547492981
"2001-12","50005",0,48351,25.5738983154297,2.89984393119812
"2002-01","50005",7,49218,25.8640365600586,3.1902871131897
"2002-02","50005",19,49218,25.6681776046753,4.80796480178833
"2002-03","50005",28,49218,26.5632791519165,3.30833864212036
"2002-04","50005",22,49218,26.6328287124634,2.15000605583191
"2002-05","50005",10,49218,24.0897274017334,2.32173609733582
"2002-06","50005",8,49218,22.7921648025512,1.69060051441193
"2002-07","50005",3,49218,22.7476816177368,1.5484002828598
"2002-08","50005",0,49218,24.4114255905152,1.29583501815796
"2002-09","50005",0,49218,24.5460500717164,0.892697274684906
"2002-10","50005",0,49218,28.3029623031616,1.64174401760101
"2002-11","50005",0,49218,26.6318378448486,1.81264185905457
"2002-12","50005",3,49218,26.8569927215576,1.76362812519073
"2003-01","50005",2,50140,25.902943611145,3.12988042831421
"2003-02","50005",2,50140,26.6541328430175,3.05957317352295
"2003-03","50005",13,50140,26.0223531723023,2.76540613174439
"2003-04","50005",23,50140,24.7554416656494,3.18361926078796
"2003-05","50005",15,50140,22.5646677017211,3.11813855171204
"2003-06","50005",5,50140,23.1397323608399,2.96466016769409
"2003-07","50005",1,50140,21.8951301574707,2.8603343963623
"2003-08","50005",3,50140,22.2620196342469,2.73820734024048
"2003-09","50005",2,50140,24.9615640640259,3.55997657775879
"2003-10","50005",1,50140,26.3100328445435,3.6463930606842
"2003-11","50005",3,50140,25.9501876831055,3.78581261634827
"2003-12","50005",1,50140,26.8471689224243,1.9592022895813
"2004-01","50005",0,51956,25.8547420501709,-0.587494969367981
"2004-02","50005",0,51956,25.9211940765381,-1.17810690402985
"2004-03","50005",0,51956,26.1866636276245,-1.83520662784576
"2004-04","50005",0,51956,25.5295534133911,-2.37126874923706
"2004-05","50005",0,51956,21.320209980011,-1.35346293449402
"2004-06","50005",0,51956,21.4679708480835,-1.14639449119568
"2004-07","50005",0,51956,21.2619524002075,-1.13513517379761
"2004-08","50005",0,51956,22.9817266464234,-1.09309530258179
"2004-09","50005",0,51956,25.9129161834717,-1.61395013332367
"2004-10","50005",0,51956,26.3774518966675,-1.17635142803192
"2004-11","50005",0,51956,25.4777250289917,-0.536384105682373
"2004-12","50005",1,51956,25.8871068954468,-0.443565249443054
"2005-01","50005",0,53025,25.3962831497192,-0.737166821956635
"2005-02","50005",1,53025,26.5428876876831,-2.11331486701965
"2005-03","50005",0,53025,26.0580549240112,-2.15744924545288
"2005-04","50005",0,53025,25.4296846389771,0.110574945807457
"2005-05","50005",6,53025,23.7247772216797,0.197709500789642
"2005-06","50005",0,53025,22.7044425010681,0.224024012684822
"2005-07","50005",0,53025,21.428204536438,0.0296137612313032
"2005-08","50005",0,53025,24.1855964660645,-0.00781823042780161
"2005-09","50005",0,53025,23.312213897705,-0.203084066510201
"2005-10","50005",1,53025,27.1154184341431,-0.054790660738945
"2005-11","50005",1,53025,25.8670845031738,-0.364412367343903
"2005-12","50005",1,53025,25.6159591674805,0.134587600827217
"2006-01","50005",19,54087,26.1640605926514,-0.0902193114161491
"2006-02","50005",49,54087,26.0313997268677,2.12374234199524
"2006-03","50005",289,54087,26.0581359863281,2.10766506195068
"2006-04","50005",110,54087,24.5340423583985,-0.155722290277481
"2006-05","50005",42,54087,21.8816637992859,-0.208737149834633
"2006-06","50005",15,54087,22.203320980072,-0.391343295574188
"2006-07","50005",2,54087,22.6870679855347,-0.610510945320129
"2006-08","50005",1,54087,24.2194147109985,-0.703929483890533
"2006-09","50005",4,54087,24.1229753494262,-0.904558002948761
"2006-10","50005",13,54087,26.3044919967652,-0.58168488740921
"2006-11","50005",14,54087,26.0907297134399,-1.12928092479706
"2006-12","50005",7,54087,26.2970924377442,-0.0223842915147543
"2007-01","50005",20,55386,25.9087181091309,2.32526063919067
"2007-02","50005",32,55386,26.1263952255249,-0.709465384483337
"2007-03","50005",30,55386,26.4293308258057,-1.461674451828
"2007-04","50005",26,55386,25.542537689209,-2.10415196418762
"2007-05","50005",7,55386,22.7100124359131,-1.8724752664566
"2007-06","50005",3,55386,22.3922271728515,-2.21008372306824
"2007-07","50005",0,55386,21.5150198936462,-1.95309841632843
"2007-08","50005",0,55386,22.8138260841369,-1.96243393421173
"2007-09","50005",0,55386,26.7749853134155,-2.4533007144928
"2007-10","50005",0,55386,26.9874277114868,-3.19047117233276
"2007-11","50005",2,55386,26.0856485366822,0.305681735277176
"2007-12","50005",1,55386,26.150743484497,0.368644595146179
"2008-01","50005",0,57211,25.2976198196411,0.994812071323395
"2008-02","50005",2,57211,25.9163522720337,1.43808341026306
"2008-03","50005",17,57211,25.562539100647,2.33014178276062
"2008-04","50005",24,57211,24.4248189926148,2.92519116401672
"2008-05","50005",2,57211,22.333309173584,-0.27792301774025
"2008-06","50005",2,57211,21.2300248146057,-0.490769177675247
"2008-07","50005",0,57211,23.1413173675538,-0.880675256252289
"2008-08","50005",1,57211,24.0962228775024,-1.01634216308594
"2008-09","50005",2,57211,24.1202974319458,-1.4501039981842
"2008-10","50005",6,57211,27.181263923645,-1.96755921840668
"2008-11","50005",8,57211,26.2614889144897,-2.44766211509705
"2008-12","50005",2,57211,26.046856880188,-0.287921518087387
"2009-01","50005",0,58198,25.3604421615601,1.48592138290405
"2009-02","50005",9,58198,26.1643886566162,1.02287423610687
"2009-03","50005",6,58198,26.7381725311279,1.51912271976471
"2009-04","50005",13,58198,25.2813549041748,0.848436892032623
"2009-05","50005",9,58198,23.5572366714477,0.642416179180145
"2009-06","50005",11,58198,20.7275848388672,0.85881233215332
"2009-07","50005",4,58198,21.7570185661316,1.05407547950745
"2009-08","50005",3,58198,23.2817411422729,1.04860126972198
"2009-09","50005",1,58198,24.5581398010254,1.69343650341034
"2009-10","50005",0,58198,26.2688007354736,-0.195411264896393
"2009-11","50005",3,58198,27.4556112289428,-0.295552551746368
"2009-12","50005",16,58198,25.8797693252563,-0.00294836843386292
"2010-01","50005",138,60275,25.874719619751,-0.088715210556984
"2010-02","50005",317,60275,26.9991588592529,-0.137422829866409
"2010-03","50005",402,60275,26.5198421478271,-0.166285619139671
"2010-04","50005",248,60275,24.7294235229492,-0.167492136359215
"2010-05","50005",106,60275,22.0986304283142,-0.152569144964218
"2010-06","50005",4,60275,22.0053625106811,-0.0462805107235909
"2010-07","50005",3,60275,21.892448425293,-0.0142957512289286
"2010-08","50005",1,60275,22.9868593215942,-0.0227322280406952
"2010-09","50005",2,60275,25.5058393478394,-0.0286130253225565
"2010-10","50005",7,60275,25.8840312957764,-0.0561292842030525
"2010-11","50005",6,60275,25.2387084960938,-0.0446036383509636
"2010-12","50005",12,60275,26.2117614746094,0.126242935657501
"2011-01","50005",27,61323,25.8925943374634,0.0762591883540154
"2011-02","50005",28,61323,25.9820489883423,0.0462560541927815
"2011-03","50005",80,61323,25.3922786712646,0.069492906332016
"2011-04","50005",91,61323,24.9665985107422,0.0363516770303249
"2011-05","50005",43,61323,22.8623971939086,-0.00512113096192479
"2011-06","50005",9,61323,21.3989367485046,0.0535955652594566
"2011-07","50005",3,61323,22.4502730369568,0.0790796056389809
"2011-08","50005",4,61323,23.8219175338745,0.056309949606657
"2011-09","50005",4,61323,25.4095497131348,0.0316379554569721
"2011-10","50005",1,61323,26.043402671814,0.0293320883065462
"2011-11","50005",1,61323,25.7328529357911,0.0207495745271444
"2011-12","50005",0,61323,25.9738998413086,0.150968462228775
"2012-01","50005",7,63883,25.26305103302,-0.00328184431418777
"2012-02","50005",7,63883,26.2451658248902,-0.0313321985304356
"2012-03","50005",8,63883,25.8457679748535,-0.0475000850856304
"2012-04","50005",12,63883,24.9268589019775,-0.0577215328812599
"2012-05","50005",7,63883,22.9647464752198,-0.0974665060639381
"2012-06","50005",9,63883,22.1031093597413,-0.0659131556749344
"2012-07","50005",1,63883,21.6101536750793,-0.0556764528155327
"2012-08","50005",1,63883,24.0084323883057,-0.132208198308945
"2012-09","50005",2,63883,26.0984201431274,-0.148867160081863
"2012-10","50005",1,63883,27.8838787078857,-0.260048657655716
"2012-11","50005",1,63883,26.2940740585327,-0.31957870721817
"2012-12","50005",5,63883,26.8771848678589,-0.252455413341522
"2013-01","50005",53,66525,25.7102098464966,-0.28667163848877
"2013-02","50005",154,66525,26.5589933395386,-0.343053489923477
"2013-03","50005",229,66525,26.0162000656128,-0.399740338325501
"2013-04","50005",275,66525,24.2242202758789,-0.395239025354385
"2013-05","50005",187,66525,23.5092868804931,-0.433913439512253
"2013-06","50005",54,66525,22.6606631278992,-0.408058404922485
"2013-07","50005",6,66525,22.11842918396,-0.399345964193344
"2013-08","50005",3,66525,22.482750415802,-0.399658650159836
"2013-09","50005",0,66525,25.0377540588379,-0.381989657878876
"2013-10","50005",1,66525,26.1353673934937,-0.397118777036667
"2013-11","50005",4,66525,26.2259521484375,-0.388026654720306
"2013-12","50005",2,66525,26.2414045333863,-0.167683959007263
"2014-01","50005",5,67727,26.0996885299683,-0.243697822093964
"2014-02","50005",1,67727,26.5533065795899,-0.291474163532257
"2014-03","50005",7,67727,25.5912189483643,-0.263286948204041
"2014-04","50005",23,67727,24.8546400070191,-0.237018704414368
"2014-05","50005",23,67727,22.9895811080932,-0.250169456005096
"2014-06","50005",4,67727,22.765287399292,-0.221169173717499
"2014-07","50005",5,67727,21.8807377815247,-0.162843033671379
"2014-08","50005",2,67727,24.3393106460572,-0.21353717148304
"2014-09","50005",1,67727,26.3868427276612,-0.227796986699104
"2014-10","50005",3,67727,28.1360559463501,-0.360359609127045
"2014-11","50005",0,67727,26.2433853149414,-0.412955820560455
"2014-12","50005",6,67727,26.0512914657593,-0.232159405946732
"2015-01","50005",71,68900,26.553692817688,-0.323434263467789
"2015-02","50005",68,68900,26.3027381896973,-0.340513914823532
"2015-03","50005",191,68900,25.6688632965088,-0.324917852878571
"2015-04","50005",424,68900,25.1217947006226,-0.327856332063675
"2015-05","50005",453,68900,23.3028087615967,-0.350117415189743
"2015-06","50005",176,68900,22.7543263435364,-0.32646718621254
"2015-07","50005",48,68900,22.600649356842,-0.305973261594772
"2015-08","50005",20,68900,25.1297760009766,-0.327097445726395
"2015-09","50005",34,68900,26.4316997528076,-0.34851336479187
"2015-10","50005",52,68900,26.9022483825684,-0.407745599746704
"2015-11","50005",152,68900,26.4943647384644,-0.461589187383652
"2015-12","50005",190,68900,26.6749010086059,-0.33289161324501
"2016-01","50005",330,70055,25.9035673141479,-0.340747147798538
"2016-02","50005",214,70055,26.9948253631592,-0.403785109519959
"2016-03","50005",114,70055,26.0856504440308,-0.421720683574677
"2016-04","50005",45,70055,26.2619953155518,-0.491932064294815
"2016-05","50005",23,70055,22.822241783142,-0.51842075586319
"2016-06","50005",13,70055,20.7423152923584,-0.474194407463074
"2016-07","50005",7,70055,22.520631313324,-0.446041464805603
"2016-08","50005",4,70055,24.0022926330566,-0.453489720821381
"2016-09","50005",2,70055,24.6851415634155,-0.446605086326599
"2016-10","50005",5,70055,26.648627281189,-0.459784626960754
"2016-11","50005",2,70055,25.790018081665,-0.483156651258469
"2016-12","50005",26,70055,26.1876258850098,-0.347119450569153
"2017-01","50005",10,71197,26.3754644393921,-0.430612057447433
"2017-02","50005",16,71197,26.6104145050049,-0.475287944078445
"2017-03","50005",12,71197,26.5038843154907,-0.49040287733078
"2017-04","50005",4,71197,24.7214117050171,-0.468647122383118
"2017-05","50005",6,71197,24.0426168441773,-0.511503398418427
"2017-06","50005",5,71197,22.2112345695496,-0.484976083040237
"2017-07","50005",2,71197,21.7066750526429,-0.469140887260437
"2017-08","50005",5,71197,24.556529045105,-0.487736016511917
"2017-09","50005",4,71197,26.3914012908935,-0.507891416549683
"2017-10","50005",7,71197,27.2854242324829,-0.600660085678101
"2017-11","50005",3,71197,25.8668413162232,-0.616711676120758
"2017-12","50005",7,71197,26.212875366211,-0.448427557945251
"2018-01","50005",12,72386,25.7464647293091,-0.475095838308334
"2018-02","50005",12,72386,25.9112739562988,-0.459144294261932
"2018-03","50005",15,72386,26.3961782455444,-0.489086329936981
"2018-04","50005",14,72386,25.5133790969848,-0.504795432090759
"2018-05","50005",28,72386,23.6318073272705,-0.551200032234192
"2018-06","50005",18,72386,21.6820001602172,-0.523833751678467
"2018-07","50005",2,72386,22.4084453582763,-0.520401358604431
"2018-08","50005",1,72386,22.8019194602966,-0.519535660743713
"2018-09","50005",6,72386,25.2980985641479,-0.501752197742462
"2018-10","50005",0,72386,26.7357807159424,-0.515056550502777
"2018-11","50005",7,72386,26.0480718612671,-0.532761573791504
"2018-12","50005",4,72386,26.7253055572509,-0.421739459037781
"2019-01","50005",19,73535,26.877387046814,-0.520836889743805
"2019-02","50005",40,73535,26.6010980606079,-0.554526209831238
"2019-03","50005",103,73535,26.2452745437622,-0.567166864871979
"2019-04","50005",247,73535,25.356554031372,-0.570687770843506
"2019-05","50005",206,73535,24.1309213638306,-0.595285058021545
"2019-06","50005",109,73535,23.2159194946289,-0.536129415035248
"2019-07","50005",27,73535,21.8634605407714,-0.533948957920075
"2019-08","50005",13,73535,23.9350605010986,-0.549243450164795
"2019-09","50005",9,73535,26.1390399932862,-0.613683462142944
"2001-01","50006",1,71542,27.2830190658569,-1.93117725849152
"2001-02","50006",13,71542,27.4924049377441,-0.480480879545212
"2001-03","50006",43,71542,27.0725584030152,0.623119533061981
"2001-04","50006",23,71542,26.3612585067749,0.765966653823853
"2001-05","50006",22,71542,22.7495679855347,1.44269871711731
"2001-06","50006",1,71542,21.3121109008789,1.2197448015213
"2001-07","50006",1,71542,22.9839963912964,1.20145881175995
"2001-08","50006",1,71542,24.3861331939697,1.18753981590271
"2001-09","50006",1,71542,25.2163581848144,1.23929905891418
"2001-10","50006",0,71542,26.6118841171265,1.04760646820068
"2001-11","50006",1,71542,26.7867012023926,2.4549515247345
"2001-12","50006",0,71542,26.3048915863037,2.52408266067505
"2002-01","50006",26,72086,26.7783279418946,2.83490705490112
"2002-02","50006",56,72086,26.5053157806396,4.24238681793213
"2002-03","50006",92,72086,27.5169906616211,0.315345406532288
"2002-04","50006",34,72086,27.2030439376831,-0.861999154090881
"2002-05","50006",8,72086,24.3637619018554,-0.466452568769455
"2002-06","50006",1,72086,23.3160886764527,-1.1091890335083
"2002-07","50006",0,72086,22.9101805686951,-1.04913175106049
"2002-08","50006",0,72086,24.7448835372925,-1.2071897983551
"2002-09","50006",0,72086,24.6227178573609,-1.49835157394409
"2002-10","50006",1,72086,28.8958129882812,0.756535410881043
"2002-11","50006",0,72086,27.2927484512329,0.943992018699646
"2002-12","50006",0,72086,27.591552734375,0.888683319091797
"2003-01","50006",4,72698,26.9060945510864,2.05588555335999
"2003-02","50006",36,72698,27.7542610168457,2.00116181373596
"2003-03","50006",44,72698,26.8793334960938,1.68196260929108
"2003-04","50006",30,72698,25.5611925125122,2.06840777397156
"2003-05","50006",2,72698,22.7183752059936,2.00488901138306
"2003-06","50006",0,72698,23.2903671264649,1.89492690563202
"2003-07","50006",0,72698,22.0793623924256,1.85350263118744
"2003-08","50006",0,72698,22.5073370933533,1.79275524616241
"2003-09","50006",1,72698,25.1881799697876,2.52211380004883
"2003-10","50006",1,72698,26.8769559860229,2.58464097976685
"2003-11","50006",1,72698,26.6627006530762,2.66216802597046
"2003-12","50006",1,72698,27.5596837997437,1.71737122535706
"2004-01","50006",1,73984,26.63889503479,-0.684267401695252
"2004-02","50006",2,73984,26.7475357055664,-1.28480267524719
"2004-03","50006",2,73984,26.8760414123536,-2.02743411064148
"2004-04","50006",3,73984,26.0352363586426,-2.55761551856995
"2004-05","50006",17,73984,21.8483500480652,-1.64530766010284
"2004-06","50006",6,73984,21.5127592086792,-1.50239789485931
"2004-07","50006",0,73984,21.4328145980835,-1.65356290340424
"2004-08","50006",2,73984,23.3764824867248,-1.67848896980286
"2004-09","50006",1,73984,26.4659357070922,-2.20488262176514
"2004-10","50006",1,73984,26.9140615463257,-1.64539098739624
"2004-11","50006",3,73984,26.3262529373169,-1.17994678020477
"2004-12","50006",1,73984,26.564398765564,-1.12386536598206
"2005-01","50006",5,74696,26.3632287979126,-1.05153906345367
"2005-02","50006",29,74696,27.494854927063,-2.51645660400391
"2005-03","50006",115,74696,26.8508377075195,-2.59713935852051
"2005-04","50006",110,74696,26.2421283721924,-1.63772094249725
"2005-05","50006",40,74696,24.1016836166382,-1.52024209499359
"2005-06","50006",12,74696,22.9498767852783,-1.48321902751923
"2005-07","50006",1,74696,21.6779522895813,-1.55461645126343
"2005-08","50006",0,74696,24.6458196640015,-1.55769073963165
"2005-09","50006",1,74696,23.7954959869384,-1.70082974433899
"2005-10","50006",0,74696,27.8884916305542,-1.46587336063385
"2005-11","50006",3,74696,26.5697927474976,-1.77846765518188
"2005-12","50006",2,74696,26.2474756240845,-1.35787403583527
"2006-01","50006",18,75402,27.3180866241455,-1.6501852273941
"2006-02","50006",20,75402,27.0645799636841,1.68168008327484
"2006-03","50006",124,75402,26.9517431259155,1.12559020519257
"2006-04","50006",216,75402,25.0967798233032,-0.181895568966866
"2006-05","50006",82,75402,22.3388872146607,-0.281779766082764
"2006-06","50006",9,75402,22.1857972145081,-0.602939307689667
"2006-07","50006",0,75402,22.8289294242859,-0.909840762615204
"2006-08","50006",1,75402,24.5783786773681,-1.05133986473084
"2006-09","50006",1,75402,24.2512121200562,-1.21208202838898
"2006-10","50006",0,75402,26.854868888855,-0.962189018726349
"2006-11","50006",2,75402,26.7998971939087,-1.4770028591156
"2006-12","50006",4,75402,27.0885744094848,-0.228192910552025
"2007-01","50006",142,72543,26.8737277984619,1.87612748146057
"2007-02","50006",193,72543,27.1340112686158,-0.741601526737213
"2007-03","50006",171,72543,27.4212141036988,-1.65482449531555
"2007-04","50006",80,72543,26.2703237533569,-2.35274052619934
"2007-05","50006",35,72543,22.9111204147339,-2.23012089729309
"2007-06","50006",9,72543,22.7000503540039,-2.69045400619507
"2007-07","50006",8,72543,21.8510031700134,-2.37305498123169
"2007-08","50006",1,72543,23.3962345123291,-2.47604179382324
"2007-09","50006",1,72543,27.0010652542114,-2.97384166717529
"2007-10","50006",1,72543,27.6353168487549,-3.68577861785889
"2007-11","50006",3,72543,26.7379112243652,-0.0322825275361538
"2007-12","50006",4,72543,26.9518165588379,0.0723922476172447
"2008-01","50006",2,74701,26.166558265686,0.540372014045715
"2008-02","50006",0,74701,26.8991250991822,0.888850927352905
"2008-03","50006",6,74701,26.3508377075196,1.70614874362946
"2008-04","50006",10,74701,25.0887460708618,2.2081184387207
"2008-05","50006",4,74701,22.6917600631714,-0.391028642654419
"2008-06","50006",4,74701,21.6273488998413,-0.697167217731476
"2008-07","50006",0,74701,23.1810560226441,-1.1674325466156
"2008-08","50006",0,74701,24.4584484100342,-1.2602835893631
"2008-09","50006",1,74701,24.3751735687256,-1.72627890110016
"2008-10","50006",0,74701,27.7884092330932,-2.26098465919495
"2008-11","50006",3,74701,26.8691787719726,-2.62403893470764
"2008-12","50006",0,74701,26.5886278152466,-0.900637209415436
"2009-01","50006",2,75039,26.3528957366944,1.06562733650208
"2009-02","50006",5,75039,27.2449359893799,0.690653383731842
"2009-03","50006",22,75039,27.6128797531128,1.05817341804504
"2009-04","50006",29,75039,25.7412662506104,0.484058737754822
"2009-05","50006",41,75039,23.801589012146,0.304844409227371
"2009-06","50006",11,75039,20.9212083816528,0.590457141399384
"2009-07","50006",4,75039,22.015688419342,0.87987095117569
"2009-08","50006",0,75039,23.5915441513061,0.922720670700073
"2009-09","50006",2,75039,24.9046678543091,1.5079106092453
"2009-10","50006",6,75039,26.6904821395874,0.668980598449707
"2009-11","50006",20,75039,28.2475547790527,0.625841677188873
"2009-12","50006",15,75039,26.7526597976684,0.813892543315888
"2010-01","50006",124,76442,26.9179830551148,0.673482239246368
"2010-02","50006",266,76442,28.1075143814087,0.575375378131867
"2010-03","50006",396,76442,27.3592786788941,0.607466697692871
"2010-04","50006",372,76442,25.3218488693237,0.636699080467224
"2010-05","50006",202,76442,22.5779504776001,-0.00196786131709814
"2010-06","50006",53,76442,22.1355428695678,0.0171202123165131
"2010-07","50006",9,76442,22.3894419670105,0.00632912246510387
"2010-08","50006",3,76442,23.3031296730042,-0.0295581799000502
"2010-09","50006",2,76442,25.7394952774047,-0.0314563624560833
"2010-10","50006",1,76442,26.3332920074463,-0.0473705232143402
"2010-11","50006",3,76442,26.0803108215332,-0.0394516438245773
"2010-12","50006",21,76442,26.937183380127,0.23304383456707
"2011-01","50006",77,76908,27.0079679489136,0.17719978094101
"2011-02","50006",103,76908,27.1292629241944,0.168507009744644
"2011-03","50006",185,76908,26.1399021148681,0.107740610837936
"2011-04","50006",213,76908,25.6100559234619,0.0738834515213966
"2011-05","50006",133,76908,23.0592060089111,-0.0406068190932274
"2011-06","50006",43,76908,21.3830170631409,-0.0441364347934723
"2011-07","50006",15,76908,22.6560301780701,-0.0440072789788246
"2011-08","50006",5,76908,24.1191711425781,-0.0891191065311432
"2011-09","50006",2,76908,25.443922996521,-0.159365653991699
"2011-10","50006",1,76908,26.5759792327881,0.143445953726769
"2011-11","50006",1,76908,26.2336349487305,0.170590221881866
"2011-12","50006",9,76908,26.7051010131836,0.111269980669022
"2012-01","50006",3,77331,26.0807523727417,0.10543167591095
"2012-02","50006",7,77331,27.3481187820434,-0.0603846460580826
"2012-03","50006",7,77331,26.7726745605468,-0.0992706716060638
"2012-04","50006",6,77331,25.5320987701416,-0.0428679101169109
"2012-05","50006",6,77331,23.1177492141723,-0.0857138484716415
"2012-06","50006",3,77331,22.3258547782898,-0.00341450306586921
"2012-07","50006",1,77331,22.0055403709411,0.0264003574848175
"2012-08","50006",0,77331,24.3632583618164,-0.13525328040123
"2012-09","50006",1,77331,26.2928857803344,-0.155315607786179
"2012-10","50006",0,77331,28.5558423995972,-0.297358363866806
"2012-11","50006",1,77331,26.9856805801391,-0.341250509023666
"2012-12","50006",3,77331,27.9623832702637,-0.335831731557846
"2013-01","50006",25,79098,26.5302362442016,-0.367262274026871
"2013-02","50006",88,79098,27.4946413040161,-0.18634258210659
"2013-03","50006",373,79098,26.8078660964966,-0.25438666343689
"2013-04","50006",545,79098,24.7137832641601,-0.223218441009521
"2013-05","50006",157,79098,23.73459815979,-0.225198805332184
"2013-06","50006",35,79098,22.7842035293579,-0.144538030028343
"2013-07","50006",31,79098,22.2306246757508,-0.105531208217144
"2013-08","50006",9,79098,22.9309191703796,-0.121483288705349
"2013-09","50006",2,79098,25.2792482376098,-0.109166823327541
"2013-10","50006",1,79098,26.6966333389282,-0.0939837917685509
"2013-11","50006",5,79098,26.9113998413086,-0.146938309073448
"2013-12","50006",1,79098,27.0753717422485,-0.059434287250042
"2014-01","50006",3,79569,27.3217697143555,-0.179435938596725
"2014-02","50006",1,79569,27.7018480300904,-0.228092700242996
"2014-03","50006",3,79569,26.5437717437744,-0.180378079414368
"2014-04","50006",6,79569,25.4109182357788,-0.104075774550438
"2014-05","50006",8,79569,23.2892427444458,-0.203360915184021
"2014-06","50006",7,79569,23.0072441101075,-0.200165539979935
"2014-07","50006",10,79569,22.0522575378418,-0.12518073618412
"2014-08","50006",0,79569,24.6196775436402,-0.17785707116127
"2014-09","50006",2,79569,26.5358791351319,-0.137989982962608
"2014-10","50006",17,79569,28.6503782272339,-0.32624951004982
"2014-11","50006",17,79569,26.9884262084961,-0.385797888040543
"2014-12","50006",20,79569,26.954210281372,-0.18652331829071
"2015-01","50006",110,80028,27.8226909637451,-0.319276422262192
"2015-02","50006",101,80028,27.3057622909546,-0.330876529216766
"2015-03","50006",262,80028,26.4626121520997,-0.323016405105591
"2015-04","50006",406,80028,25.6371030807495,-0.319670468568802
"2015-05","50006",152,80028,23.5171279907226,-0.311372131109238
"2015-06","50006",36,80028,22.8366770744324,-0.330998659133911
"2015-07","50006",13,80028,22.8929839134217,-0.0039384295232594
"2015-08","50006",6,80028,25.4594249725342,-0.0223947148770094
"2015-09","50006",5,80028,26.767388343811,-0.00610787235200405
"2015-10","50006",9,80028,27.774302482605,-0.0361041463911533
"2015-11","50006",52,80028,27.3120288848877,0.22455395758152
"2015-12","50006",63,80028,27.5025863647461,0.430058270692825
"2016-01","50006",601,80481,26.8606023788453,0.392104238271713
"2016-02","50006",460,80481,28.0261297225952,0.442554950714111
"2016-03","50006",112,80481,27.0951433181763,0.33052858710289
"2016-04","50006",37,80481,26.9947605133057,0.185840249061584
"2016-05","50006",5,80481,23.1706609725953,0.221360445022583
"2016-06","50006",5,80481,20.902500629425,0.212979763746262
"2016-07","50006",1,80481,22.7949738502503,0.184474751353264
"2016-08","50006",3,80481,24.2592792510987,0.191040143370628
"2016-09","50006",7,80481,24.9529790878295,0.00580992642790079
"2016-10","50006",6,80481,27.2264633178711,0.0049034683033824
"2016-11","50006",6,80481,26.5281648635865,-0.0917970761656761
"2016-12","50006",29,80481,27.0795736312866,-0.0711155161261559
"2017-01","50006",6,80927,27.3593664169312,-0.190409362316132
"2017-02","50006",3,80927,27.7288341522217,-0.284404665231705
"2017-03","50006",3,80927,27.3592567443848,-0.326014339923859
"2017-04","50006",1,80927,25.2824544906616,-0.19976669549942
"2017-05","50006",0,80927,24.325758934021,-0.164391681551933
"2017-06","50006",0,80927,22.3715019226075,-0.143477782607079
"2017-07","50006",3,80927,21.7520432472229,-0.132355749607086
"2017-08","50006",1,80927,24.6873617172241,-0.111649416387081
"2017-09","50006",3,80927,26.6476716995239,-0.188892379403114
"2017-10","50006",5,80927,28.006609916687,-0.144944787025452
"2017-11","50006",6,80927,26.5831909179688,-0.0387150682508945
"2017-12","50006",1,80927,27.0137071609497,0.140594005584717
"2018-01","50006",19,81581,26.7215013504028,0.176065266132355
"2018-02","50006",1,81581,26.8129777908325,-0.326224535703659
"2018-03","50006",3,81581,27.4415578842164,-0.362153619527817
"2018-04","50006",3,81581,26.0143671035767,-0.401504188776016
"2018-05","50006",3,81581,23.9151344299316,-0.508831322193146
"2018-06","50006",1,81581,22.10396194458,-0.550176322460175
"2018-07","50006",1,81581,22.8421421051025,-0.598876059055328
"2018-08","50006",0,81581,23.1972603797913,-0.58010059595108
"2018-09","50006",0,81581,25.5385065078735,-0.537123382091522
"2018-10","50006",2,81581,27.3263692855835,-0.447792202234268
"2018-11","50006",4,81581,26.7866067886353,-0.461861848831177
"2018-12","50006",14,81581,27.6448202133179,-0.52469527721405
"2019-01","50006",86,82032,27.9799327850342,-0.74584436416626
"2019-02","50006",154,82032,27.5427131652832,-0.758394539356232
"2019-03","50006",171,82032,27.1577520370484,-0.72792249917984
"2019-04","50006",208,82032,26.1437749862671,-0.594706833362579
"2019-05","50006",346,82032,24.6227455139161,-0.73040121793747
"2019-06","50006",191,82032,23.4311380386353,-0.721893191337585
"2019-07","50006",52,82032,22.1422290802002,-0.712133407592773
"2019-08","50006",19,82032,24.2574491500854,-0.75839638710022
"2019-09","50006",23,82032,26.5423736572266,-0.792668581008911
"2001-01","50007",194,127501,26.84525680542,-1.73361122608185
"2001-02","50007",238,127501,27.0341415405274,0.035214077681303
"2001-03","50007",317,127501,26.401909828186,0.707541346549988
"2001-04","50007",136,127501,25.9477052688598,0.837779998779297
"2001-05","50007",81,127501,21.679904460907,1.62658846378326
"2001-06","50007",14,127501,20.5778927803039,1.08165800571442
"2001-07","50007",7,127501,22.6386966705323,0.981615722179413
"2001-08","50007",2,127501,24.3912315368652,0.819751262664795
"2001-09","50007",0,127501,24.6698246002197,0.891496300697327
"2001-10","50007",1,127501,25.9408645629883,0.506900548934937
"2001-11","50007",4,127501,26.3985204696655,1.61038947105408
"2001-12","50007",15,127501,26.0026330947877,1.90714716911316
"2002-01","50007",58,129891,26.4210929870606,1.9766184091568
"2002-02","50007",43,129891,26.3257656097412,3.08352756500244
"2002-03","50007",34,129891,27.051381111145,1.20799648761749
"2002-04","50007",19,129891,26.9634218215942,0.284112453460693
"2002-05","50007",9,129891,23.9244022369385,1.00828623771667
"2002-06","50007",2,129891,22.5773487091064,0.398958444595337
"2002-07","50007",0,129891,22.2758722305298,0.37515452504158
"2002-08","50007",2,129891,24.186318397522,0.306271970272064
"2002-09","50007",1,129891,23.8827362060547,-0.0733268782496452
"2002-10","50007",0,129891,28.0571775436402,0.237184420228004
"2002-11","50007",0,129891,26.8254327774048,0.58462792634964
"2002-12","50007",1,129891,27.3265771865845,0.386392265558243
"2003-01","50007",5,131979,26.5475311279297,2.08817076683044
"2003-02","50007",2,131979,27.455436706543,1.93260812759399
"2003-03","50007",1,131979,26.2198076248169,1.58936870098114
"2003-04","50007",0,131979,24.7974786758423,1.93346154689789
"2003-05","50007",1,131979,22.2194204330444,1.80184674263001
"2003-06","50007",0,131979,22.9526634216309,1.64347577095032
"2003-07","50007",2,131979,21.5637516975403,1.55347120761871
"2003-08","50007",0,131979,21.6059980392456,1.46214270591736
"2003-09","50007",0,131979,24.3052492141723,2.14048194885254
"2003-10","50007",0,131979,26.0029888153077,1.93375027179718
"2003-11","50007",0,131979,26.152795791626,1.96634805202484
"2003-12","50007",0,131979,27.0551795959473,1.80064940452576
"2004-01","50007",0,136361,26.452691078186,-0.418858498334885
"2004-02","50007",3,136361,26.5912208557129,-1.02134954929352
"2004-03","50007",5,136361,26.248803138733,-1.57525718212128
"2004-04","50007",2,136361,25.8771657943726,-2.13379859924316
"2004-05","50007",6,136361,20.4096083641052,-0.163444519042969
"2004-06","50007",0,136361,21.0814547538758,0.0933732837438583
"2004-07","50007",0,136361,20.762683391571,0.149031519889832
"2004-08","50007",0,136361,22.5958423614502,-0.00937531888484955
"2004-09","50007",0,136361,25.4555072784424,-0.571750342845917
"2004-10","50007",0,136361,25.7528991699218,-0.110106900334358
"2004-11","50007",0,136361,25.4966344833374,0.269687086343765
"2004-12","50007",0,136361,26.1351089477539,0.115236133337021
"2005-01","50007",0,138788,25.8973007202149,0.316393136978149
"2005-02","50007",3,138788,27.0956888198852,-1.43877422809601
"2005-03","50007",3,138788,26.2155160903931,-1.7958881855011
"2005-04","50007",5,138788,25.5208539962768,-1.39560782909393
"2005-05","50007",2,138788,23.6296730041504,-1.42642986774445
"2005-06","50007",6,138788,22.3948125839233,-1.48112905025482
"2005-07","50007",3,138788,20.8380703926086,-1.64370548725128
"2005-08","50007",2,138788,24.0667486190796,-1.7305908203125
"2005-09","50007",0,138788,22.0536189079285,-1.77552628517151
"2005-10","50007",0,138788,26.243556022644,-1.20609796047211
"2005-11","50007",0,138788,25.9564695358276,-1.48954570293427
"2005-12","50007",0,138788,25.9471702575684,-1.33795642852783
"2006-01","50007",17,141196,26.7798566818237,-1.54389238357544
"2006-02","50007",44,141196,26.7088527679443,1.33824074268341
"2006-03","50007",545,141196,26.3240041732788,0.626416325569153
"2006-04","50007",1119,141196,24.73863697052,-0.2124864757061
"2006-05","50007",378,141196,21.3224921226502,-0.470645815134049
"2006-06","50007",103,141196,21.7371506690979,-0.714457035064697
"2006-07","50007",18,141196,22.5595936775208,-0.911568701267242
"2006-08","50007",17,141196,23.8141632080078,-1.0802196264267
"2006-09","50007",13,141196,23.6052913665771,-1.17531859874725
"2006-10","50007",14,141196,26.2988262176513,-1.16318941116333
"2006-11","50007",43,141196,26.1965808868408,-1.63597762584686
"2006-12","50007",47,141196,26.8415021896363,0.00032417886541225
"2007-01","50007",705,137554,26.373701095581,1.98234415054321
"2007-02","50007",1950,137554,26.9028701782226,-0.461072742938995
"2007-03","50007",1457,137554,26.6314001083374,-1.04992890357971
"2007-04","50007",525,137554,25.9163331985473,-1.61101877689362
"2007-05","50007",58,137554,21.705885887146,-1.56530857086182
"2007-06","50007",15,137554,22.0090351104737,-2.00148224830627
"2007-07","50007",5,137554,20.7003445625305,-1.71339809894562
"2007-08","50007",2,137554,22.3384547233582,-1.8208829164505
"2007-09","50007",1,137554,26.5019302368164,-2.40523886680603
"2007-10","50007",7,137554,26.664008140564,-3.18495273590088
"2007-11","50007",6,137554,26.1382999420166,-0.684045970439911
"2007-12","50007",27,137554,26.5176019668579,-0.630103707313538
"2008-01","50007",8,141873,25.7426805496216,-0.0628678724169731
"2008-02","50007",5,141873,26.4233303070068,0.277134329080582
"2008-03","50007",3,141873,25.6946992874146,0.831144511699677
"2008-04","50007",9,141873,24.4115514755249,1.27662968635559
"2008-05","50007",2,141873,21.8352074623108,-0.586072444915772
"2008-06","50007",0,141873,20.52001953125,-0.819409251213074
"2008-07","50007",0,141873,23.1361083984375,-1.16404461860657
"2008-08","50007",0,141873,23.69948387146,-0.984105110168457
"2008-09","50007",0,141873,23.0933170318604,-1.36018073558807
"2008-10","50007",0,141873,26.6265859603882,-1.89116609096527
"2008-11","50007",0,141873,26.2000370025635,-2.00668907165527
"2008-12","50007",2,141873,26.5106458663941,-2.23434281349182
"2009-01","50007",3,143441,25.6615781784058,-0.240323334932327
"2009-02","50007",1,143441,26.8864517211914,-0.52263468503952
"2009-03","50007",5,143441,26.9395971298217,-0.319643050432205
"2009-04","50007",6,143441,25.7013778686524,-1.02317774295807
"2009-05","50007",20,143441,23.2999544143677,-1.18822777271271
"2009-06","50007",4,143441,19.925847530365,0.460344582796097
"2009-07","50007",8,143441,20.7764873504638,0.907110095024109
"2009-08","50007",3,143441,22.9083828926086,1.03819930553436
"2009-09","50007",0,143441,23.7558469772339,1.64851379394531
"2009-10","50007",0,143441,25.8905630111695,1.78406500816345
"2009-11","50007",2,143441,28.0034103393555,1.75550127029419
"2009-12","50007",6,143441,26.4178009033203,2.0999641418457
"2010-01","50007",81,156176,26.4171237945556,2.30705285072327
"2010-02","50007",443,156176,27.8413763046265,2.21555233001709
"2010-03","50007",737,156176,26.6787729263306,2.26181054115295
"2010-04","50007",712,156176,24.8338651657104,2.14847469329834
"2010-05","50007",630,156176,21.4645466804505,1.46760821342468
"2010-06","50007",97,156176,21.6597471237183,1.00256907939911
"2010-07","50007",22,156176,21.4780187606812,0.963030219078064
"2010-08","50007",8,156176,22.5269985198975,0.842125117778778
"2010-09","50007",10,156176,24.6647233963012,1.20886170864105
"2010-10","50007",22,156176,25.0701742172241,0.057543832808733
"2010-11","50007",24,156176,25.2815494537354,-0.134684160351753
"2010-12","50007",22,156176,26.5494270324707,0.00055678916396573
"2011-01","50007",49,158617,26.5592308044434,0.00431643379852176
"2011-02","50007",80,158617,26.6641645431519,0.0248660389333963
"2011-03","50007",125,158617,25.4783372879028,-0.304692715406418
"2011-04","50007",184,158617,25.1358423233032,-0.170500576496124
"2011-05","50007",125,158617,22.4181985855102,-0.43841952085495
"2011-06","50007",14,158617,20.7148427963257,-0.461788535118103
"2011-07","50007",5,158617,22.0019664764405,-0.386721104383469
"2011-08","50007",7,158617,23.2152729034424,-0.419226318597794
"2011-09","50007",10,158617,24.5569648742676,-0.621680080890656
"2011-10","50007",15,158617,25.8057718276978,-0.0910494551062584
"2011-11","50007",11,158617,25.7914953231812,-0.127394676208496
"2011-12","50007",46,158617,26.4079856872558,-0.531601309776306
"2012-01","50007",350,159326,25.9936485290527,-0.439029186964035
"2012-02","50007",324,159326,27.2447032928467,-0.630634069442749
"2012-03","50007",147,159326,25.9666500091552,-0.810202538967133
"2012-04","50007",123,159326,24.8665962219238,-0.239070564508438
"2012-05","50007",91,159326,22.695499420166,-0.38121771812439
"2012-06","50007",63,159326,21.5028510093689,-0.111119739711285
"2012-07","50007",22,159326,20.9390416145325,-0.17634405195713
"2012-08","50007",6,159326,24.1056900024414,-0.292296916246414
"2012-09","50007",0,159326,25.5910339355469,-0.406647384166718
"2012-10","50007",0,159326,27.6881628036499,-0.537853002548218
"2012-11","50007",8,159326,26.5982217788697,-0.634768784046173
"2012-12","50007",24,159326,27.6538763046265,-0.641013026237488
"2013-01","50007",460,165473,26.2859182357788,-0.833863973617554
"2013-02","50007",920,165473,27.1566019058227,-0.573432505130768
"2013-03","50007",2007,165473,25.8765802383423,-0.708526849746704
"2013-04","50007",1730,165473,24.3212051391602,0.28325816988945
"2013-05","50007",789,165473,23.1528491973877,0.357582598924637
"2013-06","50007",46,165473,22.0944991111756,0.730346143245697
"2013-07","50007",10,165473,21.5744438171387,0.668922007083893
"2013-08","50007",6,165473,21.7521262168884,0.490888923406601
"2013-09","50007",1,165473,24.2566204071045,0.39656326174736
"2013-10","50007",3,165473,25.7251834869384,0.646696269512177
"2013-11","50007",2,165473,26.3719348907471,0.304894119501114
"2013-12","50007",40,165473,26.866413116455,0.0276331007480621
"2014-01","50007",6,168170,26.8404779434204,-0.0669190809130669
"2014-02","50007",12,168170,27.5452852249146,0.0700775384902954
"2014-03","50007",10,168170,25.6577758789062,0.232350781559944
"2014-04","50007",24,168170,24.99280834198,0.179809987545013
"2014-05","50007",32,168170,22.5760869979859,0.146483987569809
"2014-06","50007",20,168170,22.3181762695312,0.136473372578621
"2014-07","50007",22,168170,21.5794944763183,0.413545906543732
"2014-08","50007",26,168170,24.1531476974488,0.392795860767365
"2014-09","50007",6,168170,25.8751697540283,0.619756460189819
"2014-10","50007",7,168170,28.0873260498047,-0.321671217679977
"2014-11","50007",6,168170,26.3379402160644,-0.306302160024643
"2014-12","50007",38,168170,26.4997482299804,-0.26461273431778
"2015-01","50007",196,170796,27.1639051437378,-0.222431495785713
"2015-02","50007",151,170796,27.0074148178101,-0.371828854084015
"2015-03","50007",315,170796,25.8844909667969,-0.504112303256989
"2015-04","50007",542,170796,25.3339166641235,-0.390309929847717
"2015-05","50007",412,170796,22.9766988754272,-0.232826590538025
"2015-06","50007",146,170796,22.5443878173828,-0.326860338449478
"2015-07","50007",45,170796,22.1202135086059,0.505125045776367
"2015-08","50007",45,170796,25.1995944976807,0.642327666282654
"2015-09","50007",55,170796,25.7909345626831,0.915109813213348
"2015-10","50007",63,170796,26.6788444519043,1.0456668138504
"2015-11","50007",121,170796,26.521614074707,1.6514607667923
"2015-12","50007",285,170796,27.0163660049438,2.2891845703125
"2016-01","50007",447,173387,26.5929307937622,2.10590052604675
"2016-02","50007",308,173387,27.7145347595215,2.42104887962341
"2016-03","50007",153,173387,25.9778127670289,2.11263275146484
"2016-04","50007",142,173387,26.5981426239013,1.95268547534943
"2016-05","50007",54,173387,21.9095115661621,2.1939754486084
"2016-06","50007",21,173387,19.624701499939,2.15399146080017
"2016-07","50007",13,173387,21.9453625679016,2.07402849197388
"2016-08","50007",11,173387,23.6039285659791,2.15255832672119
"2016-09","50007",6,173387,23.6929550170899,1.7636399269104
"2016-10","50007",4,173387,26.1917877197265,1.68645334243774
"2016-11","50007",1,173387,25.8047409057617,1.46373093128204
"2016-12","50007",8,173387,26.5058088302612,1.32273459434509
"2017-01","50007",11,175946,26.9533271789551,1.11742448806763
"2017-02","50007",10,175946,27.4049272537232,0.950619757175446
"2017-03","50007",8,175946,26.5524492263794,0.820993006229401
"2017-04","50007",1,175946,24.6107463836669,0.921109676361084
"2017-05","50007",2,175946,23.6586055755615,1.11282634735107
"2017-06","50007",1,175946,21.7511458396911,1.07001221179962
"2017-07","50007",0,175946,21.6352734565735,0.97915518283844
"2017-08","50007",1,175946,24.3254709243774,1.01332807540894
"2017-09","50007",3,175946,26.1549377441406,0.75614869594574
"2017-10","50007",7,175946,26.7179555892944,1.08839499950409
"2017-11","50007",4,175946,25.7990427017212,1.34625363349915
"2017-12","50007",9,175946,26.7135610580444,1.56269729137421
"2018-01","50007",13,178672,26.1606798171997,1.75946259498596
"2018-02","50007",11,178672,26.4800548553467,0.00975194200873375
"2018-03","50007",35,178672,26.4965848922729,0.020745400339365
"2018-04","50007",26,178672,26.210883140564,-0.340014547109604
"2018-05","50007",45,178672,23.668062210083,-0.488317877054215
"2018-06","50007",43,178672,21.0559234619141,-0.577273786067963
"2018-07","50007",33,178672,21.977918624878,-0.692660629749298
"2018-08","50007",44,178672,22.011028289795,-0.577193379402161
"2018-09","50007",45,178672,24.6219835281372,-0.449141055345535
"2018-10","50007",63,178672,26.2788505554199,-0.216355070471764
"2018-11","50007",849,178672,26.3790655136108,-0.236303135752678
"2018-12","50007",2037,178672,27.2361030578613,-0.470266968011856
"2019-01","50007",958,181248,27.4432077407837,-0.771510004997253
"2019-02","50007",682,181248,27.1950044631958,-0.814259707927704
"2019-03","50007",834,181248,26.2136421203613,-0.669046938419342
"2019-04","50007",699,181248,25.6903810501098,-0.657159984111786
"2019-05","50007",373,181248,23.865701675415,-0.684288859367371
"2019-06","50007",194,181248,23.1336765289306,-0.684415996074677
"2019-07","50007",97,181248,21.3738551139831,-0.641082227230072
"2019-08","50007",59,181248,23.4691944122315,-0.781334578990936
"2019-09","50007",25,181248,25.5848197937012,-0.945555925369263
"2001-01","50008",0,75167,26.563627243042,-0.872924625873566
"2001-02","50008",26,75167,26.3932800292969,0.380888432264328
"2001-03","50008",196,75167,25.5528612136841,0.580066323280335
"2001-04","50008",106,75167,25.1645975112915,0.690882384777069
"2001-05","50008",23,75167,20.1888618469238,1.05956101417542
"2001-06","50008",0,75167,19.135046005249,0.113064415752888
"2001-07","50008",0,75167,21.5676336288452,0.0341566763818264
"2001-08","50008",0,75167,23.4100580215454,-0.187724813818932
"2001-09","50008",0,75167,23.3824558258056,-0.156432464718819
"2001-10","50008",0,75167,24.5668191909791,-0.750330626964569
"2001-11","50008",0,75167,25.5109672546387,0.104054778814316
"2001-12","50008",0,75167,25.3149499893188,0.343658149242401
"2002-01","50008",5,76297,26.1031646728515,0.341083824634552
"2002-02","50008",6,76297,25.6786508560181,0.971233010292053
"2002-03","50008",7,76297,26.4980745315552,-0.796345353126526
"2002-04","50008",11,76297,26.1686439514161,-1.39631569385529
"2002-05","50008",5,76297,23.1243171691894,0.341524392366409
"2002-06","50008",2,76297,21.1207551956177,-0.767878115177155
"2002-07","50008",0,76297,20.8958611488342,-0.837251842021942
"2002-08","50008",0,76297,22.760724067688,-0.697293937206268
"2002-09","50008",0,76297,22.4430360794067,-1.01733458042145
"2002-10","50008",1,76297,26.4863147735595,-1.27925729751587
"2002-11","50008",1,76297,25.6146268844604,-0.967684507369995
"2002-12","50008",1,76297,26.5558605194092,-1.34406721591949
"2003-01","50008",5,77526,26.3105421066284,0.800899624824524
"2003-02","50008",4,77526,27.0073919296265,0.390412390232086
"2003-03","50008",28,77526,25.3009414672851,-0.514810860157013
"2003-04","50008",16,77526,23.8564109802246,-0.315427601337433
"2003-05","50008",7,77526,21.1151700019836,-0.507338464260101
"2003-06","50008",3,77526,21.939266204834,-0.658032596111298
"2003-07","50008",1,77526,20.4994535446167,-0.683114647865295
"2003-08","50008",0,77526,19.7663745880127,-0.713962197303772
"2003-09","50008",0,77526,22.8902587890625,-0.163356557488441
"2003-10","50008",0,77526,24.3602819442749,-0.38782799243927
"2003-11","50008",2,77526,25.0585031509399,-0.402260690927506
"2003-12","50008",0,77526,25.9309806823731,-0.473834604024887
"2004-01","50008",0,80104,26.2813024520874,-0.587688446044922
"2004-02","50008",0,80104,25.9260931015015,-1.17880296707153
"2004-03","50008",0,80104,25.074646949768,-1.60096430778503
"2004-04","50008",1,80104,25.357421875,-2.06940126419067
"2004-05","50008",0,80104,18.8356175422669,-0.491199046373367
"2004-06","50008",0,80104,19.5710549354554,-0.184589400887489
"2004-07","50008",0,80104,19.6201043128967,-0.0836813673377037
"2004-08","50008",0,80104,21.0001564025879,-0.826585412025452
"2004-09","50008",0,80104,24.1155290603637,-1.31611144542694
"2004-10","50008",0,80104,23.8602809906006,-0.963064849376678
"2004-11","50008",0,80104,24.2550802230835,-0.743081986904144
"2004-12","50008",0,80104,25.1419219970703,-1.20263600349426
"2005-01","50008",1,81531,25.4821090698242,-0.519218564033508
"2005-02","50008",2,81531,26.3709192276001,-1.56974232196808
"2005-03","50008",22,81531,25.2821578979493,-2.24383234977722
"2005-04","50008",26,81531,24.5943698883057,-2.31934237480164
"2005-05","50008",5,81531,22.6773738861084,-2.4537661075592
"2005-06","50008",1,81531,21.3191866874695,-2.56624269485474
"2005-07","50008",0,81531,19.6334466934204,-2.71557378768921
"2005-08","50008",1,81531,22.596227645874,-2.86256766319275
"2005-09","50008",1,81531,20.1226563453674,-2.77655458450317
"2005-10","50008",0,81531,23.9155931472778,-2.42425465583801
"2005-11","50008",0,81531,24.8102512359619,-2.6131432056427
"2005-12","50008",0,81531,25.1712760925293,-2.39401745796204
"2006-01","50008",7,82948,26.4988994598389,-2.62359404563904
"2006-02","50008",69,82948,26.1751165390015,-1.23563086986542
"2006-03","50008",472,82948,25.3646306991577,-1.40462028980255
"2006-04","50008",443,82948,23.8968267440796,-1.47276413440704
"2006-05","50008",112,82948,20.0531001091003,-1.72138833999634
"2006-06","50008",19,82948,20.0666756629943,-1.94340002536774
"2006-07","50008",2,82948,21.8187103271485,-2.05439209938049
"2006-08","50008",2,82948,22.0453233718872,-2.29528117179871
"2006-09","50008",1,82948,22.1607980728149,-2.25843501091003
"2006-10","50008",0,82948,25.0107774734497,-2.54931616783142
"2006-11","50008",0,82948,24.9418363571167,-2.89051270484924
"2006-12","50008",1,82948,26.4172840118408,-1.63207054138184
"2007-01","50008",138,84243,25.971155166626,-0.143015056848526
"2007-02","50008",409,84243,26.3805170059204,-0.653829157352448
"2007-03","50008",601,84243,25.575403213501,-1.15319013595581
"2007-04","50008",214,84243,25.1664419174194,-1.47727906703949
"2007-05","50008",30,84243,19.5386452674866,-1.54759871959686
"2007-06","50008",2,84243,20.5134921073914,-1.96931552886963
"2007-07","50008",0,84243,18.8330602645874,-1.69124019145966
"2007-08","50008",0,84243,20.4905452728271,-1.86605834960938
"2007-09","50008",0,84243,25.3839406967163,-2.45088243484497
"2007-10","50008",2,84243,25.2205476760864,-3.27781558036804
"2007-11","50008",1,84243,24.7180862426758,-2.83435750007629
"2007-12","50008",3,84243,25.7843265533447,-2.88162994384766
"2008-01","50008",2,86969,25.3476486206054,-2.38471174240112
"2008-02","50008",0,86969,25.661642074585,-2.1939811706543
"2008-03","50008",4,86969,24.6953248977661,-1.9258064031601
"2008-04","50008",1,86969,23.4324293136597,-1.61328768730164
"2008-05","50008",0,86969,20.5592341423035,-1.7824832201004
"2008-06","50008",0,86969,18.6875505447388,-1.96982002258301
"2008-07","50008",0,86969,22.5074272155762,-2.16319727897644
"2008-08","50008",0,86969,22.0063972473144,-1.40315890312195
"2008-09","50008",0,86969,21.3520269393921,-1.68308043479919
"2008-10","50008",0,86969,24.7647047042847,-2.10664796829224
"2008-11","50008",0,86969,25.0102109909058,-2.00026035308838
"2008-12","50008",0,86969,25.8907051086426,-2.70137405395508
"2009-01","50008",0,88259,25.0604228973389,-2.25836086273193
"2009-02","50008",1,88259,26.3912658691406,-2.1681957244873
"2009-03","50008",26,88259,25.9822521209717,-2.1837751865387
"2009-04","50008",17,88259,25.0580759048462,-2.7641658782959
"2009-05","50008",14,88259,22.127498626709,-2.848064661026
"2009-06","50008",6,88259,18.0623831748963,0.268203645944595
"2009-07","50008",3,88259,19.0618691444397,0.900018572807312
"2009-08","50008",1,88259,21.2320070266724,1.1918910741806
"2009-09","50008",0,88259,22.2096796035767,1.68647050857544
"2009-10","50008",0,88259,24.1781253814697,2.80176687240601
"2009-11","50008",1,88259,27.2767105102539,2.7952606678009
"2009-12","50008",0,88259,25.826229095459,3.18294286727905
"2010-01","50008",37,88368,26.0169019699097,3.6739239692688
"2010-02","50008",118,88368,27.4018087387085,3.45931196212769
"2010-03","50008",230,88368,25.6337251663208,3.53506541252136
"2010-04","50008",251,88368,23.8013401031494,3.2963855266571
"2010-05","50008",95,88368,19.9402809143067,3.19262313842773
"2010-06","50008",7,88368,20.2549924850464,2.10707259178162
"2010-07","50008",2,88368,20.0979781150818,1.93794679641724
"2010-08","50008",1,88368,20.7201733589173,1.54592168331146
"2010-09","50008",1,88368,22.8258943557739,2.41749358177185
"2010-10","50008",1,88368,22.7333116531372,1.9300764799118
"2010-11","50008",0,88368,23.9291963577271,0.246885761618614
"2010-12","50008",1,88368,25.6984519958496,0.328517526388168
"2011-01","50008",24,89503,26.3717889785767,0.290129214525223
"2011-02","50008",99,89503,26.0283432006836,0.395270317792892
"2011-03","50008",249,89503,24.4524059295654,-0.506663918495178
"2011-04","50008",304,89503,24.1382579803467,-0.274876773357391
"2011-05","50008",90,89503,21.0825634002685,-0.830773591995239
"2011-06","50008",8,89503,18.8449420928955,-0.944332540035248
"2011-07","50008",2,89503,20.6615452766418,-0.798113107681274
"2011-08","50008",5,89503,21.2237610816955,-0.902974963188171
"2011-09","50008",0,89503,22.8551731109619,-1.33700489997864
"2011-10","50008",3,89503,24.3418807983399,-0.676506400108337
"2011-11","50008",1,89503,24.4637975692749,-0.800092458724976
"2011-12","50008",2,89503,25.7292947769165,-1.33161079883575
"2012-01","50008",1,90595,25.9387922286987,-1.13709986209869
"2012-02","50008",0,90595,27.1417770385742,-1.4436069726944
"2012-03","50008",1,90595,24.8093290328979,-1.72458028793335
"2012-04","50008",2,90595,23.684515953064,0.113315925002098
"2012-05","50008",0,90595,21.6555619239808,-0.168659925460815
"2012-06","50008",0,90595,19.7110929489135,0.496104747056961
"2012-07","50008",2,90595,19.3633756637573,-0.347873419523239
"2012-08","50008",6,90595,23.0590372085571,-0.656338453292847
"2012-09","50008",79,90595,24.3212976455689,-0.89424341917038
"2012-10","50008",43,90595,26.0408744812012,-1.15874946117401
"2012-11","50008",57,90595,25.554672241211,-1.35639929771423
"2012-12","50008",31,90595,27.2375898361206,-1.44821977615356
"2013-01","50008",1026,93741,25.8959760665894,-1.70714962482452
"2013-02","50008",916,93741,26.4314012527466,-1.53668761253357
"2013-03","50008",423,93741,24.285174369812,-1.66992044448853
"2013-04","50008",92,93741,23.2841033935547,0.52485728263855
"2013-05","50008",5,93741,21.7971725463867,0.742252945899963
"2013-06","50008",4,93741,20.1671953201294,1.69338476657867
"2013-07","50008",2,93741,20.2208108901978,0.0741499364376068
"2013-08","50008",0,93741,19.5790581703186,-0.292912065982819
"2013-09","50008",0,93741,22.6499395370484,-0.492473483085632
"2013-10","50008",0,93741,23.9902353286744,0.121913522481918
"2013-11","50008",0,93741,25.2430906295776,-0.115596033632755
"2013-12","50008",9,93741,26.4365825653077,-0.678270995616913
"2014-01","50008",5,95032,26.7019128799438,-0.752653062343597
"2014-02","50008",0,95032,27.4302072525024,0.160835921764374
"2014-03","50008",3,95032,24.477653503418,0.346760749816895
"2014-04","50008",5,95032,24.0348453521729,0.293374449014664
"2014-05","50008",1,95032,21.3485312461853,0.276372015476227
"2014-06","50008",0,95032,20.5722465515137,0.227125972509384
"2014-07","50008",2,95032,20.5037169456482,0.692904770374298
"2014-08","50008",1,95032,22.737901687622,0.510594010353088
"2014-09","50008",0,95032,24.5242013931274,1.01927745342255
"2014-10","50008",0,95032,26.7199249267578,-0.429459571838379
"2014-11","50008",0,95032,25.0452175140381,-0.403349816799164
"2014-12","50008",1,95032,25.7083549499512,-0.308665573596954
"2015-01","50008",7,96290,26.7040176391602,-0.228901550173759
"2015-02","50008",34,96290,26.3528661727905,-0.427880614995956
"2015-03","50008",212,96290,24.9462556838989,-0.653007030487061
"2015-04","50008",352,96290,24.452314376831,-0.564515650272369
"2015-05","50008",196,96290,21.7807869911193,0.0899829417467117
"2015-06","50008",64,96290,21.2315130233765,-0.120170243084431
"2015-07","50008",18,96290,20.7350907325744,1.05752074718475
"2015-08","50008",5,96290,24.1486406326294,1.62515318393707
"2015-09","50008",2,96290,24.2054109573364,2.31565022468567
"2015-10","50008",4,96290,24.9762296676635,2.93125438690186
"2015-11","50008",9,96290,24.9099578857422,4.20585203170776
"2015-12","50008",18,96290,25.9574995040893,5.2714204788208
"2016-01","50008",149,97531,26.5177087783813,5.12142133712769
"2016-02","50008",158,97531,27.0853223800659,6.17121267318726
"2016-03","50008",150,97531,24.4719476699829,5.65185546875
"2016-04","50008",140,97531,25.8928318023682,4.96442413330078
"2016-05","50008",23,97531,19.8816924095154,5.77041101455689
"2016-06","50008",4,97531,17.0612187385559,5.53123331069946
"2016-07","50008",1,97531,20.4772543907165,5.12076854705811
"2016-08","50008",3,97531,21.997850894928,5.42444086074829
"2016-09","50008",2,97531,21.8406472206116,4.79458284378052
"2016-10","50008",5,97531,24.2795095443726,4.61379051208496
"2016-11","50008",6,97531,24.4254169464111,3.94911789894104
"2016-12","50008",10,97531,25.5610208511352,3.67103910446167
"2017-01","50008",20,98759,26.5874652862549,3.14545941352844
"2017-02","50008",11,98759,26.866005897522,2.8585410118103
"2017-03","50008",3,98759,25.3640470504761,2.43618035316467
"2017-04","50008",2,98759,23.2950773239136,2.80688142776489
"2017-05","50008",4,98759,22.3190288543702,3.32677745819092
"2017-06","50008",4,98759,20.1411304473877,3.14448094367981
"2017-07","50008",1,98759,21.0602631568909,2.72364449501038
"2017-08","50008",2,98759,22.813530921936,2.83356714248657
"2017-09","50008",10,98759,25.3331203460694,2.15590786933899
"2017-10","50008",15,98759,24.5232753753662,2.89198994636536
"2017-11","50008",24,98759,24.1822261810302,3.56777358055115
"2017-12","50008",25,98759,26.0747404098511,3.930832862854
"2018-01","50008",20,100115,25.4903230667115,4.44653224945068
"2018-02","50008",16,100115,25.6611194610596,2.31933236122131
"2018-03","50008",11,100115,25.248929977417,2.32555556297302
"2018-04","50008",4,100115,25.7934436798095,-0.681714475154877
"2018-05","50008",4,100115,22.9993162155152,-1.12879979610443
"2018-06","50008",1,100115,19.0096082687378,-1.44982051849365
"2018-07","50008",1,100115,20.6121978759765,-1.78505289554596
"2018-08","50008",1,100115,19.7361135482788,-1.11402904987335
"2018-09","50008",3,100115,23.1969833374024,-0.679442405700684
"2018-10","50008",1,100115,24.3449516296387,0.0809730738401413
"2018-11","50008",8,100115,25.3660278320312,-0.306471914052963
"2018-12","50008",8,100115,26.4424295425415,-0.863283395767212
"2019-01","50008",22,101350,27.0266952514649,-1.43894922733307
"2019-02","50008",115,101350,26.3473587036133,-1.48718225955963
"2019-03","50008",307,101350,24.7116670608521,-0.998271882534027
"2019-04","50008",565,101350,24.9631662368774,-0.965853035449982
"2019-05","50008",281,101350,22.801194190979,-0.956626713275909
"2019-06","50008",136,101350,22.012059211731,-0.984000742435455
"2019-07","50008",67,101350,19.9794135093689,-0.937792479991913
"2019-08","50008",29,101350,21.587709903717,-1.27711391448975
"2019-09","50008",16,101350,24.2422618865967,-1.68832111358643
"2001-01","50009",3,101756,27.8711652755737,0.891176104545593
"2001-02","50009",4,101756,27.4745092391968,1.56202661991119
"2001-03","50009",14,101756,26.8772239685058,0.731087148189545
"2001-04","50009",60,101756,25.8955640792847,0.816908836364746
"2001-05","50009",39,101756,20.8141045570374,-0.30826136469841
"2001-06","50009",7,101756,20.4841861724854,-0.705528676509857
"2001-07","50009",2,101756,22.5199346542359,-1.04031407833099
"2001-08","50009",2,101756,25.2435779571533,-1.50107109546661
"2001-09","50009",8,101756,25.1331176757812,-1.76569890975952
"2001-10","50009",7,101756,26.5194749832154,-2.28158783912659
"2001-11","50009",0,101756,27.3060417175293,-1.93960845470428
"2001-12","50009",8,101756,26.597134590149,-1.56604278087616
"2002-01","50009",44,103398,27.4130163192749,-1.97452795505524
"2002-02","50009",71,103398,26.9998292922974,-1.64557600021362
"2002-03","50009",91,103398,28.022572517395,-2.16222453117371
"2002-04","50009",27,103398,26.6064605712891,-2.72906827926636
"2002-05","50009",22,103398,24.0918788909913,-2.04009389877319
"2002-06","50009",12,103398,21.4007501602173,-2.33058285713196
"2002-07","50009",3,103398,20.7108707427979,-2.46710872650147
"2002-08","50009",0,103398,23.393141746521,-2.5250506401062
"2002-09","50009",7,103398,24.0796155929566,-2.99618339538574
"2002-10","50009",3,103398,27.9964752197266,-3.44467306137085
"2002-11","50009",2,103398,27.3885641098023,-3.54097151756287
"2002-12","50009",6,103398,27.6037178039551,-3.97439098358154
"2003-01","50009",4,104779,27.7743740081788,-3.38981747627258
"2003-02","50009",7,104779,27.5380859375,-3.0283203125
"2003-03","50009",22,104779,26.9359045028687,-2.8742151260376
"2003-04","50009",38,104779,24.5314493179322,-2.87100577354431
"2003-05","50009",15,104779,22.2280750274658,-2.9489483833313
"2003-06","50009",8,104779,23.4510564804078,-2.94002795219421
"2003-07","50009",1,104779,20.6631937026978,-3.05446839332581
"2003-08","50009",0,104779,20.6435499191284,-2.90915131568909
"2003-09","50009",0,104779,24.620225906372,-2.4260425567627
"2003-10","50009",0,104779,26.7101106643677,-2.52864241600037
"2003-11","50009",0,104779,26.9885082244873,-2.57373642921448
"2003-12","50009",1,104779,26.9367198944092,-2.4467978477478
"2004-01","50009",0,107680,28.1434488296509,-2.20816159248352
"2004-02","50009",0,107680,27.2679357528686,-2.38948631286621
"2004-03","50009",0,107680,26.9369688034057,-2.62305903434753
"2004-04","50009",1,107680,26.6717910766601,-2.60191059112549
"2004-05","50009",1,107680,19.3175191879272,-0.960045278072357
"2004-06","50009",0,107680,21.1819410324097,-0.431221514940262
"2004-07","50009",0,107680,20.1248660087585,-0.271576911211014
"2004-08","50009",0,107680,22.1594285964966,-0.827704727649689
"2004-09","50009",0,107680,25.3359861373902,-1.22200417518616
"2004-10","50009",0,107680,26.0659294128418,-1.13212430477142
"2004-11","50009",0,107680,25.9379367828369,-1.0528062582016
"2004-12","50009",0,107680,27.0128993988037,-1.49065625667572
"2005-01","50009",0,109283,26.9036064147949,-1.07892441749573
"2005-02","50009",0,109283,27.5012731552124,-1.83145391941071
"2005-03","50009",0,109283,27.1159362792969,-2.51969027519226
"2005-04","50009",0,109283,24.8673419952393,-2.29568409919739
"2005-05","50009",0,109283,23.3358535766601,-2.43930792808533
"2005-06","50009",0,109283,22.2387685775757,-2.29355311393738
"2005-07","50009",0,109283,19.9457912445069,-2.4442982673645
"2005-08","50009",0,109283,23.580213546753,-2.69879341125488
"2005-09","50009",0,109283,21.2508087158203,-1.81431341171265
"2005-10","50009",1,109283,25.533218383789,-1.56534039974213
"2005-11","50009",0,109283,26.7618188858033,-1.14578068256378
"2005-12","50009",0,109283,27.0345649719238,-1.14328908920288
"2006-01","50009",3,110877,27.7370939254761,-1.39896440505981
"2006-02","50009",3,110877,27.4820051193238,-1.55699217319489
"2006-03","50009",42,110877,27.0797481536865,-1.3574413061142
"2006-04","50009",101,110877,25.1258068084717,-1.13325214385986
"2006-05","50009",73,110877,20.5545029640198,-1.5475697517395
"2006-06","50009",27,110877,21.8921165466309,-1.63615989685059
"2006-07","50009",7,110877,22.79052734375,-1.66909527778626
"2006-08","50009",1,110877,23.3055744171143,-1.85651326179504
"2006-09","50009",3,110877,23.998369216919,-0.549850881099701
"2006-10","50009",3,110877,27.0160684585572,0.277154892683029
"2006-11","50009",11,110877,26.7551507949829,0.319358825683594
"2006-12","50009",35,110877,27.9272861480713,0.902033925056458
"2007-01","50009",651,102158,27.5604228973389,1.63440799713135
"2007-02","50009",831,102158,27.8195705413819,2.15767526626587
"2007-03","50009",497,102158,27.2234525680542,0.778244256973267
"2007-04","50009",154,102158,26.1969299316406,1.05274415016174
"2007-05","50009",45,102158,20.0943121910095,-0.476889044046402
"2007-06","50009",5,102158,21.3757247924804,-1.12441849708557
"2007-07","50009",3,102158,18.7378382682801,-1.41674268245697
"2007-08","50009",2,102158,20.6524214744568,-1.69503509998322
"2007-09","50009",2,102158,27.0674257278442,-2.42865180969238
"2007-10","50009",6,102158,27.3137979507446,-3.16432762145996
"2007-11","50009",9,102158,26.4608583450317,-2.28642773628235
"2007-12","50009",19,102158,27.1206951141357,-2.14401268959045
"2008-01","50009",3,105179,26.9557447433472,-1.43943738937378
"2008-02","50009",1,105179,26.594144821167,-0.745274245738983
"2008-03","50009",5,105179,26.4604225158691,-1.67177498340607
"2008-04","50009",5,105179,24.1808910369873,-1.91620671749115
"2008-05","50009",3,105179,21.5671482086181,-2.22287154197693
"2008-06","50009",2,105179,19.4006886482239,-2.37019348144531
"2008-07","50009",0,105179,23.4917116165161,-2.66901922225952
"2008-08","50009",1,105179,23.1094570159912,-2.66347217559814
"2008-09","50009",0,105179,22.8960723876953,-2.74338555335999
"2008-10","50009",0,105179,26.471999168396,-2.6843752861023
"2008-11","50009",1,105179,27.1189746856689,-2.2405424118042
"2008-12","50009",3,105179,27.8500261306762,-2.70642733573914
"2009-01","50009",11,105573,26.4698820114135,-2.63369965553284
"2009-02","50009",49,105573,27.5096597671509,-2.63908576965332
"2009-03","50009",136,105573,27.7598686218262,-3.0309534072876
"2009-04","50009",182,105573,26.511360168457,-3.81979870796204
"2009-05","50009",140,105573,23.4422845840454,-3.33478999137878
"2009-06","50009",25,105573,19.3556084632874,-2.65107488632202
"2009-07","50009",17,105573,19.3327965736389,0.444723218679428
"2009-08","50009",12,105573,22.7258806228637,0.45469206571579
"2009-09","50009",5,105573,23.5347681045532,0.139622524380684
"2009-10","50009",63,105573,26.3132076263428,0.490622311830521
"2009-11","50009",355,105573,29.6501979827881,0.22773240506649
"2009-12","50009",355,105573,27.2793493270875,0.919075965881348
"2010-01","50009",1081,105286,27.5146627426147,1.08049881458282
"2010-02","50009",663,105286,28.6114053726197,1.33842968940735
"2010-03","50009",414,105286,27.5330085754395,1.25467455387115
"2010-04","50009",185,105286,24.8658847808838,0.584947645664215
"2010-05","50009",59,105286,20.0619931221008,0.961535334587097
"2010-06","50009",17,105286,21.4229173660278,0.466197431087494
"2010-07","50009",6,105286,19.7913212776185,0.857513189315796
"2010-08","50009",3,105286,21.8571109771729,0.592425048351288
"2010-09","50009",2,105286,24.3335485458374,0.958678424358368
"2010-10","50009",3,105286,24.77952003479,0.735701441764832
"2010-11","50009",4,105286,25.5213899612426,0.610916554927826
"2010-12","50009",59,105286,27.734112739563,0.59670889377594
"2011-01","50009",6,105627,27.6996326446533,0.669274032115936
"2011-02","50009",10,105627,26.6888589859009,1.17592060565948
"2011-03","50009",11,105627,26.1274299621582,1.06299006938934
"2011-04","50009",8,105627,25.1145715713501,1.50660681724548
"2011-05","50009",1,105627,22.0198850631714,-0.292304068803787
"2011-06","50009",2,105627,20.4400706291199,-0.563739836215973
"2011-07","50009",1,105627,21.0368928909302,0.298213332891464
"2011-08","50009",0,105627,22.4016151428223,0.131522923707962
"2011-09","50009",1,105627,25.1653804779053,0.126282572746277
"2011-10","50009",0,105627,26.4503231048584,0.213060259819031
"2011-11","50009",0,105627,26.8489065170288,0.115733459591866
"2011-12","50009",0,105627,27.1490850448608,-0.112318739295006
"2012-01","50009",2,105987,27.7355966567993,0.517336785793304
"2012-02","50009",4,105987,28.1361093521118,0.638046979904175
"2012-03","50009",6,105987,26.3254718780518,0.411315858364105
"2012-04","50009",3,105987,24.5948314666748,1.07941830158234
"2012-05","50009",7,105987,22.8993310928345,0.786808788776398
"2012-06","50009",6,105987,20.9551682472229,1.30227112770081
"2012-07","50009",1,105987,19.0951271057128,-0.10248376429081
"2012-08","50009",1,105987,24.1670846939087,-0.350195854902267
"2012-09","50009",0,105987,26.2754850387573,-0.790562987327576
"2012-10","50009",56,105987,28.1802349090576,-1.00844609737396
"2012-11","50009",438,105987,27.7948617935181,-0.941618978977203
"2012-12","50009",120,105987,28.5425243377686,-1.42803251743317
"2013-01","50009",473,108009,28.0074558258057,-2.21255421638489
"2013-02","50009",548,108009,27.7204494476319,-2.70645499229431
"2013-03","50009",635,108009,26.10045337677,-3.09696555137634
"2013-04","50009",547,108009,24.6812219619751,-0.241070881485939
"2013-05","50009",186,108009,22.8282871246338,-0.283032208681107
"2013-06","50009",57,108009,21.4143953323365,0.515890657901764
"2013-07","50009",28,108009,20.8649926185608,-0.375530362129211
"2013-08","50009",7,108009,20.3549542427063,-0.729023694992065
"2013-09","50009",5,108009,24.0656805038453,-1.07147252559662
"2013-10","50009",12,108009,25.7199754714966,0.265554636716843
"2013-11","50009",3,108009,27.0372123718262,0.255897909402847
"2013-12","50009",8,108009,28.2536783218384,0.309650927782059
"2014-01","50009",72,108378,27.4331903457641,0.528535842895508
"2014-02","50009",128,108378,28.0212030410767,0.528111100196838
"2014-03","50009",29,108378,25.5642681121826,0.906030893325806
"2014-04","50009",19,108378,25.1392307281494,0.951174318790436
"2014-05","50009",5,108378,22.3025255203247,1.40929901599884
"2014-06","50009",1,108378,21.616024017334,1.61191439628601
"2014-07","50009",7,108378,20.8522925376892,2.10594844818115
"2014-08","50009",3,108378,24.426305770874,1.70096242427826
"2014-09","50009",4,108378,26.580415725708,1.89996814727783
"2014-10","50009",2,108378,28.8420324325562,-0.658082544803619
"2014-11","50009",7,108378,26.6705455780029,0.157719388604164
"2014-12","50009",8,108378,27.0897436141967,-0.574721038341522
"2015-01","50009",12,108738,27.8167524337768,-0.479677528142929
"2015-02","50009",19,108738,27.5845680236817,-0.95892733335495
"2015-03","50009",25,108738,26.7900848388672,-1.54481220245361
"2015-04","50009",40,108738,25.6139278411865,0.0519168935716152
"2015-05","50009",55,108738,22.7536497116089,0.454774111509323
"2015-06","50009",35,108738,22.7455539703369,0.365205347537994
"2015-07","50009",28,108738,21.1020169258117,0.937149524688721
"2015-08","50009",22,108738,25.6157922744751,1.56747436523438
"2015-09","50009",32,108738,25.5035839080811,2.26610612869263
"2015-10","50009",120,108738,26.6107606887818,2.40410947799683
"2015-11","50009",445,108738,26.8549842834473,2.83621597290039
"2015-12","50009",337,108738,27.6693468093872,3.97637724876404
"2016-01","50009",744,109097,28.2784957885742,4.58507537841797
"2016-02","50009",471,109097,28.450029373169,5.49528217315674
"2016-03","50009",172,109097,25.5181331634521,4.32663869857788
"2016-04","50009",66,109097,26.7843618392944,3.58433175086975
"2016-05","50009",19,109097,20.1938624382019,4.06387424468994
"2016-06","50009",2,109097,17.945499420166,-0.238739565014839
"2016-07","50009",2,109097,20.7266063690185,-0.542409598827362
"2016-08","50009",6,109097,23.5314426422119,-0.327662736177444
"2016-09","50009",0,109097,23.4422903060913,-0.431314766407013
"2016-10","50009",3,109097,26.4156045913697,-0.410859495401382
"2016-11","50009",2,109097,25.9141349792481,-0.648090660572052
"2016-12","50009",30,109097,26.8326406478882,-0.419631034135819
"2017-01","50009",5,109447,28.2247428894043,-0.878579676151276
"2017-02","50009",1,109447,27.5788679122925,-0.616844952106476
"2017-03","50009",5,109447,26.8489904403687,-1.05108284950256
"2017-04","50009",24,109447,23.9821577072143,-0.81844836473465
"2017-05","50009",22,109447,23.0873937606812,-0.586745381355286
"2017-06","50009",15,109447,21.327748298645,-0.606263220310211
"2017-07","50009",10,109447,22.0258131027222,-1.08514177799225
"2017-08","50009",3,109447,24.6001682281494,-1.20025944709778
"2017-09","50009",5,109447,26.2848300933838,-1.25971829891205
"2017-10","50009",1,109447,26.3550510406494,-1.47703683376312
"2017-11","50009",6,109447,26.3417148590088,-0.297269016504288
"2017-12","50009",8,109447,27.7801265716553,-0.177358418703079
"2018-01","50009",19,110132,26.7994470596314,0.25537982583046
"2018-02","50009",5,110132,26.7761716842652,0.491743355989456
"2018-03","50009",8,110132,26.168532371521,-0.124934874475002
"2018-04","50009",5,110132,27.0945892333985,-0.953616261482239
"2018-05","50009",1,110132,23.9573736190796,-0.621273696422577
"2018-06","50009",2,110132,19.8599238395691,-0.869462728500366
"2018-07","50009",0,110132,20.2166180610657,-1.27652609348297
"2018-08","50009",0,110132,20.4178037643432,-1.37370133399963
"2018-09","50009",4,110132,25.1057081222534,0.177061468362808
"2018-10","50009",2,110132,26.0743293762207,0.786328077316284
"2018-11","50009",1,110132,27.0300025939941,1.41649758815765
"2018-12","50009",6,110132,27.7001733779907,1.17255783081055
"2019-01","50009",15,110518,28.5298490524292,0.790323793888092
"2019-02","50009",32,110518,27.6730260848999,0.673048615455627
"2019-03","50009",90,110518,25.9748067855835,1.46472036838532
"2019-04","50009",160,110518,25.2877187728882,1.09560751914978
"2019-05","50009",195,110518,23.0481767654419,0.775964319705963
"2019-06","50009",84,110518,23.1623458862304,-0.49520742893219
"2019-07","50009",18,110518,19.9971404075622,-0.585062265396118
"2019-08","50009",11,110518,22.5192003250122,-0.994690179824829
"2019-09","50009",11,110518,25.6281147003173,-1.75556409358978
"2001-01","50010",7,413372,26.3879823684693,-0.78020167350769
"2001-02","50010",17,413372,26.1075286865235,0.081339456140995
"2001-03","50010",58,413372,25.5904283523559,-0.199880987405777
"2001-04","50010",154,413372,24.9014577865601,0.0749543756246567
"2001-05","50010",65,413372,19.7371640205383,-0.553787171840668
"2001-06","50010",19,413372,18.8680324554444,-1.05844795703888
"2001-07","50010",12,413372,20.8748698234558,-1.26958799362183
"2001-08","50010",10,413372,23.6133165359497,-1.60111153125763
"2001-09","50010",10,413372,23.4447984695434,-1.76008141040802
"2001-10","50010",7,413372,24.6893520355224,-2.51209759712219
"2001-11","50010",3,413372,25.6863059997559,-1.74492192268372
"2001-12","50010",4,413372,24.840609550476,-1.30611634254456
"2002-01","50010",151,418291,25.8868894577027,-1.70927131175995
"2002-02","50010",285,418291,25.6115465164185,-1.04445254802704
"2002-03","50010",297,418291,26.7633361816407,-2.03031134605408
"2002-04","50010",160,418291,25.7369623184204,-2.68479323387146
"2002-05","50010",76,418291,22.9753713607788,-1.7035573720932
"2002-06","50010",19,418291,20.3508887290955,-2.21979761123657
"2002-07","50010",8,418291,19.6187419891357,-2.28461074829102
"2002-08","50010",14,418291,22.0467982292176,-2.23802709579468
"2002-09","50010",8,418291,22.4517946243286,-2.81620502471924
"2002-10","50010",3,418291,26.3041105270385,-3.23642611503601
"2002-11","50010",7,418291,25.6955032348633,-3.17841196060181
"2002-12","50010",8,418291,26.0672636032104,-3.54731392860413
"2003-01","50010",6,423293,26.2667760848999,-1.87490820884705
"2003-02","50010",23,423293,26.4043483734131,-1.38675582408905
"2003-03","50010",77,423293,25.6078472137451,-1.63278114795685
"2003-04","50010",70,423293,23.6524114608765,-1.55945885181427
"2003-05","50010",11,423293,20.9889879226684,-1.82894694805145
"2003-06","50010",0,423293,21.9818620681763,-1.81471133232117
"2003-07","50010",2,423293,19.3475069999695,-2.02382946014404
"2003-08","50010",1,423293,19.3080615997314,-1.92689216136932
"2003-09","50010",0,423293,22.9460592269897,-1.40226566791534
"2003-10","50010",5,423293,24.6528568267823,-1.38833844661713
"2003-11","50010",3,423293,25.2106437683106,-1.22739946842194
"2003-12","50010",2,423293,25.16148853302,-1.05512857437134
"2004-01","50010",1,433793,26.5385885238647,-0.923915386199951
"2004-02","50010",0,433793,25.8617086410522,-1.71730697154999
"2004-03","50010",1,433793,25.4274578094482,-2.18267679214478
"2004-04","50010",0,433793,25.4701881408692,-2.41302418708801
"2004-05","50010",0,433793,18.2939643859863,0.347844928503037
"2004-06","50010",0,433793,19.4791769981384,1.0055490732193
"2004-07","50010",0,433793,18.7534523010254,1.12128973007202
"2004-08","50010",0,433793,20.7042088508606,-0.558979511260986
"2004-09","50010",0,433793,23.8205881118774,-1.12226951122284
"2004-10","50010",0,433793,24.0262851715088,-1.06825256347656
"2004-11","50010",0,433793,24.2604722976684,-0.938977956771851
"2004-12","50010",1,433793,24.9379816055298,-1.62928295135498
"2005-01","50010",1,439604,25.4082269668579,-1.10953438282013
"2005-02","50010",5,439604,26.1841096878052,-2.08320665359497
"2005-03","50010",0,439604,25.675856590271,-3.06022524833679
"2005-04","50010",2,439604,24.2080965042115,-3.03210210800171
"2005-05","50010",16,439604,22.3714256286621,-3.19901084899902
"2005-06","50010",32,439604,21.0776567459107,-3.02452993392944
"2005-07","50010",9,439604,18.5662469863891,-3.14979863166809
"2005-08","50010",5,439604,22.1416211128235,-3.31707358360291
"2005-09","50010",5,439604,19.7791128158569,-3.08500194549561
"2005-10","50010",2,439604,23.7855987548828,-2.64154624938965
"2005-11","50010",2,439604,25.0187215805054,-2.36540603637695
"2005-12","50010",6,439604,24.9779672622681,-2.18215680122376
"2006-01","50010",32,445370,26.3503847122192,-2.37862181663513
"2006-02","50010",135,445370,25.9041967391968,-2.1950044631958
"2006-03","50010",567,445370,25.5280733108521,-1.83029270172119
"2006-04","50010",811,445370,23.7003164291381,-1.52757334709167
"2006-05","50010",280,445370,19.6729459762574,-1.99006152153015
"2006-06","50010",23,445370,19.7503638267517,-2.13004684448242
"2006-07","50010",9,445370,21.1516590118408,-2.16422581672668
"2006-08","50010",3,445370,21.7269763946533,-2.29041528701782
"2006-09","50010",2,445370,22.1688852310181,-1.03092360496521
"2006-10","50010",2,445370,25.2634916305542,-0.987438201904297
"2006-11","50010",19,445370,25.0808696746826,-1.10811316967011
"2006-12","50010",19,445370,26.1879081726074,0.511986494064331
"2007-01","50010",1109,456396,25.8522996902466,1.61650025844574
"2007-02","50010",2823,456396,26.1700353622437,2.1489794254303
"2007-03","50010",2676,456396,25.7296934127807,-0.361331641674042
"2007-04","50010",1458,456396,25.09925365448,-0.295048952102661
"2007-05","50010",400,456396,18.9172005653381,-0.713722109794617
"2007-06","50010",49,456396,19.987488746643,-1.36281406879425
"2007-07","50010",17,456396,17.4948592185974,-1.48035836219788
"2007-08","50010",4,456396,19.6466989517212,-1.73067581653595
"2007-09","50010",3,456396,25.3736181259155,-2.5785391330719
"2007-10","50010",30,456396,25.5288915634155,-3.76928091049194
"2007-11","50010",45,456396,24.7027769088745,-3.39356541633606
"2007-12","50010",61,456396,25.3018550872803,-3.4944155216217
"2008-01","50010",18,470946,25.4632368087768,-2.57778215408325
"2008-02","50010",16,470946,25.3443775177002,-1.98263227939606
"2008-03","50010",56,470946,24.9385242462158,-2.3364577293396
"2008-04","50010",27,470946,23.1507987976074,-2.33648920059204
"2008-05","50010",5,470946,20.3560152053833,-2.66614603996277
"2008-06","50010",6,470946,18.0744199752808,-2.81083393096924
"2008-07","50010",2,470946,21.8573937416077,-2.99357223510742
"2008-08","50010",1,470946,21.6373167037964,-2.71313095092773
"2008-09","50010",2,470946,21.1937351226806,-2.85714244842529
"2008-10","50010",4,470946,24.6811313629151,-3.04855561256409
"2008-11","50010",10,470946,25.3424644470215,-2.61229681968689
"2008-12","50010",7,470946,25.8081026077271,-3.23766565322876
"2009-01","50010",6,477046,24.9381227493286,-2.92408347129822
"2009-02","50010",19,477046,26.0685272216797,-2.84484052658081
"2009-03","50010",104,477046,26.2208023071289,-3.13687086105347
"2009-04","50010",329,477046,25.1684894561768,-3.96619892120361
"2009-05","50010",489,477046,22.0492763519287,-2.99840998649597
"2009-06","50010",112,477046,17.7069215774536,0.126046597957611
"2009-07","50010",38,477046,17.9299426078796,0.876708388328552
"2009-08","50010",12,477046,20.9948382377625,0.900184094905853
"2009-09","50010",7,477046,21.8984050750732,0.785114645957947
"2009-10","50010",14,477046,24.2515134811402,1.58715677261353
"2009-11","50010",121,477046,27.6398868560791,1.47937297821045
"2009-12","50010",333,477046,25.3326511383057,2.20973134040833
"2010-01","50010",2468,500955,25.8072729110718,2.48791813850403
"2010-02","50010",4580,500955,27.1676893234253,2.70379686355591
"2010-03","50010",4262,500955,25.9069204330445,2.25192499160767
"2010-04","50010",2226,500955,23.6739225387573,1.5750550031662
"2010-05","50010",660,500955,19.2151961326599,2.14925765991211
"2010-06","50010",77,500955,19.9731593132019,1.31664896011353
"2010-07","50010",23,500955,18.6300973892212,1.54054760932922
"2010-08","50010",16,500955,20.4004173278809,1.08092570304871
"2010-09","50010",23,500955,22.5501022338867,2.23881483078003
"2010-10","50010",16,500955,22.6802377700806,1.04329895973206
"2010-11","50010",10,500955,23.8129940032959,0.287439435720444
"2010-12","50010",162,500955,25.3984994888306,0.0838343277573586
"2011-01","50010",27,508097,26.1644926071167,-0.0767238065600395
"2011-02","50010",25,508097,25.456036567688,0.310948520898819
"2011-03","50010",43,508097,24.8060731887818,-0.0790163949131966
"2011-04","50010",32,508097,23.9724893569946,0.332019478082657
"2011-05","50010",14,508097,20.8487086296082,-0.629426002502441
"2011-06","50010",5,508097,18.6377649307251,-0.868032276630402
"2011-07","50010",3,508097,19.6161675453186,-0.433038532733917
"2011-08","50010",1,508097,20.8828148841858,-0.648731052875519
"2011-09","50010",6,508097,23.0738306045532,-0.819405794143677
"2011-10","50010",16,508097,24.4578275680542,-0.70404064655304
"2011-11","50010",5,508097,24.8239650726319,-0.693304419517517
"2011-12","50010",1,508097,25.31178855896,-1.18079364299774
"2012-01","50010",15,515030,26.1177711486816,0.026547072455287
"2012-02","50010",20,515030,26.9210367202759,0.168067052960396
"2012-03","50010",43,515030,24.9106178283692,-0.127678334712982
"2012-04","50010",59,515030,23.4360427856446,1.16092467308044
"2012-05","50010",82,515030,21.5845184326172,0.613521993160248
"2012-06","50010",37,515030,19.3501033782959,1.41101622581482
"2012-07","50010",16,515030,17.8860974311829,-0.182864636182785
"2012-08","50010",8,515030,22.8375005722046,-0.518006920814514
"2012-09","50010",5,515030,24.4121103286744,-0.905501246452332
"2012-10","50010",14,515030,26.1187248229981,-0.888703584671021
"2012-11","50010",56,515030,25.8838863372803,-0.884882152080536
"2012-12","50010",149,515030,26.6933221817016,-1.18606805801392
"2013-01","50010",767,534220,26.0803861618042,-1.77612090110779
"2013-02","50010",1610,534220,26.1828899383545,-2.22308039665222
"2013-03","50010",2098,534220,24.3043060302735,-2.5431215763092
"2013-04","50010",973,534220,23.1863803863525,0.695005118846893
"2013-05","50010",379,534220,21.4935569763184,0.852428138256073
"2013-06","50010",61,534220,19.7126054763794,2.03672766685486
"2013-07","50010",34,534220,19.3490686416626,0.927460670471191
"2013-08","50010",7,534220,18.9211311340332,0.44133073091507
"2013-09","50010",6,534220,22.3762636184692,-0.0359946303069592
"2013-10","50010",6,534220,23.982699394226,0.87943422794342
"2013-11","50010",16,534220,25.3481378555298,0.821200251579285
"2013-12","50010",24,534220,26.2197933197021,0.454027324914932
"2014-01","50010",47,542454,26.24534034729,0.583087623119354
"2014-02","50010",21,542454,27.0176296234131,0.901286125183105
"2014-03","50010",64,542454,24.2575082778931,1.17091333866119
"2014-04","50010",64,542454,23.923451423645,1.26545703411102
"2014-05","50010",55,542454,21.0201516151428,1.52288258075714
"2014-06","50010",12,542454,20.0769004821777,1.61011409759521
"2014-07","50010",8,542454,19.5444393157959,2.37821531295776
"2014-08","50010",6,542454,22.6832580566406,1.47621023654938
"2014-09","50010",9,542454,24.620002746582,1.94139802455902
"2014-10","50010",19,542454,26.9975137710571,0.27397945523262
"2014-11","50010",18,542454,25.0940103530884,0.80274373292923
"2014-12","50010",10,542454,25.1704158782959,0.430883049964905
"2015-01","50010",87,550484,26.3423662185669,0.433261334896088
"2015-02","50010",248,550484,26.0893611907959,-0.0580869466066361
"2015-03","50010",1173,550484,25.2383975982667,-0.500812709331513
"2015-04","50010",1844,550484,24.3502244949341,0.406756460666657
"2015-05","50010",913,550484,21.5448980331421,1.02684247493744
"2015-06","50010",395,550484,21.0698375701905,0.937035143375397
"2015-07","50010",105,550484,19.6016702651978,1.87224984169006
"2015-08","50010",86,550484,24.0673303604126,2.88034248352051
"2015-09","50010",89,550484,23.8483953475952,3.7026093006134
"2015-10","50010",189,550484,24.8818340301514,4.0229058265686
"2015-11","50010",606,550484,24.9046611785889,4.66483783721924
"2015-12","50010",880,550484,25.4331092834473,5.95025539398193
"2016-01","50010",2388,558403,26.6113834381104,6.08582210540772
"2016-02","50010",3170,558403,26.9605665206909,6.9040002822876
"2016-03","50010",1888,558403,24.2784156799316,6.3409104347229
"2016-04","50010",823,558403,25.7569742202759,5.61823081970215
"2016-05","50010",182,558403,19.1261248588562,6.15592908859253
"2016-06","50010",21,558403,16.3872437477111,1.60013628005981
"2016-07","50010",6,558403,19.3364162445069,1.64455270767212
"2016-08","50010",11,558403,21.8998456001282,1.86518132686615
"2016-09","50010",7,558403,21.592267036438,1.49536228179932
"2016-10","50010",19,558403,24.3439092636109,1.40318703651428
"2016-11","50010",44,558403,24.3928337097168,0.999645113945007
"2016-12","50010",168,558403,24.9554700851441,1.34579503536224
"2017-01","50010",41,566225,26.513292312622,0.783386826515198
"2017-02","50010",23,566225,26.3527536392212,0.825331270694733
"2017-03","50010",17,566225,25.4904661178589,0.316148519515991
"2017-04","50010",5,566225,22.946517944336,0.655059397220612
"2017-05","50010",19,566225,21.9789781570435,0.828295946121216
"2017-06","50010",10,566225,19.7236514091491,0.695372521877289
"2017-07","50010",5,566225,20.5057306289672,0.210460737347603
"2017-08","50010",5,566225,22.9458084106445,0.13008625805378
"2017-09","50010",10,566225,25.0559349060059,-0.131874099373817
"2017-10","50010",2,566225,24.3199300765991,0.0055684014223516
"2017-11","50010",22,566225,24.2215785980225,0.781336486339569
"2017-12","50010",8,566225,25.7983713150024,1.06687557697296
"2018-01","50010",38,574645,25.1878776550293,1.4732528924942
"2018-02","50010",18,574645,25.4542646408081,1.7479864358902
"2018-03","50010",28,574645,25.0303020477294,1.7404967546463
"2018-04","50010",33,574645,25.870566368103,-0.263563245534897
"2018-05","50010",37,574645,22.763427734375,-0.233652114868164
"2018-06","50010",11,574645,18.4434118270874,-0.564922451972961
"2018-07","50010",8,574645,19.2928647994996,-0.950254201889038
"2018-08","50010",4,574645,18.9628767967225,-1.10908758640289
"2018-09","50010",3,574645,23.193359375,0.626805782318115
"2018-10","50010",2,574645,24.2323923110962,1.48051488399506
"2018-11","50010",11,574645,25.4420204162598,1.92761945724487
"2018-12","50010",16,574645,25.7852010726928,1.60931169986725
"2019-01","50010",109,582736,26.8263721466065,1.21381449699402
"2019-02","50010",439,582736,26.1350126266479,1.09962642192841
"2019-03","50010",2265,582736,24.6110458374024,2.00811219215393
"2019-04","50010",3425,582736,24.4816770553589,1.55860459804535
"2019-05","50010",2353,582736,22.1963844299316,1.6488311290741
"2019-06","50010",700,582736,21.7782115936279,-0.19626821577549
"2019-07","50010",148,582736,18.6582021713257,-0.282686203718185
"2019-08","50010",59,582736,21.1571464538574,-0.727723956108093
"2019-09","50010",36,582736,24.1423864364624,-1.50819540023804
"2001-01","50011",2,202142,26.5162010192872,-2.33065557479858
"2001-02","50011",0,202142,26.262659072876,-1.69387006759644
"2001-03","50011",6,202142,25.5891056060791,-1.61659014225006
"2001-04","50011",3,202142,24.4738645553589,-1.38037204742432
"2001-05","50011",5,202142,19.1521282196045,-1.63312876224518
"2001-06","50011",0,202142,18.1806020736694,-1.78629672527313
"2001-07","50011",3,202142,20.4282774925232,-1.91989922523499
"2001-08","50011",0,202142,22.6915798187256,-2.11267328262329
"2001-09","50011",0,202142,23.1022148132324,-2.22255086898804
"2001-10","50011",0,202142,24.0205364227295,-2.79201197624207
"2001-11","50011",5,202142,25.3443660736084,-2.42407250404358
"2001-12","50011",2,202142,25.02259349823,-2.14928531646729
"2002-01","50011",18,202234,25.9738903045655,-2.29551482200623
"2002-02","50011",19,202234,25.6833782196044,-1.90179002285004
"2002-03","50011",17,202234,26.9783039093018,-2.36108112335205
"2002-04","50011",25,202234,25.3181200027466,-2.77382588386536
"2002-05","50011",18,202234,22.4124975204468,-1.92398154735565
"2002-06","50011",0,202234,19.4764308929444,-2.34690999984741
"2002-07","50011",0,202234,19.2359213829041,-2.41729831695557
"2002-08","50011",0,202234,21.2103576660156,-2.28195667266846
"2002-09","50011",0,202234,22.0606851577759,-2.64342069625855
"2002-10","50011",0,202234,25.6662044525146,-2.97701716423035
"2002-11","50011",0,202234,25.2628889083863,-2.77399349212647
"2002-12","50011",0,202234,26.1844062805175,-3.00080347061157
"2003-01","50011",3,202134,26.3478126525879,-2.00346064567566
"2003-02","50011",2,202134,26.6757020950318,-1.75882875919342
"2003-03","50011",10,202134,25.4904499053955,-1.98044168949127
"2003-04","50011",6,202134,23.1665525436402,-1.91873025894165
"2003-05","50011",3,202134,20.3284859657288,-2.15262627601624
"2003-06","50011",1,202134,21.3110475540161,-2.19187021255493
"2003-07","50011",0,202134,19.1018443107605,-2.31319046020508
"2003-08","50011",0,202134,18.3882336616516,-2.23464488983154
"2003-09","50011",0,202134,22.5967998504638,-1.98288726806641
"2003-10","50011",0,202134,23.9230909347534,-1.95005118846893
"2003-11","50011",0,202134,24.8123273849487,-1.86028718948364
"2003-12","50011",1,202134,25.1960916519165,-1.74426531791687
"2004-01","50011",0,201925,26.592300415039,-1.60980618000031
"2004-02","50011",0,201925,25.9427165985107,-2.16491293907166
"2004-03","50011",0,201925,25.2237024307251,-2.54760646820068
"2004-04","50011",23,201925,25.0500850677491,-2.79049515724182
"2004-05","50011",2,201925,17.6380801200866,-1.8102959394455
"2004-06","50011",1,201925,18.7057657241822,-1.33939683437347
"2004-07","50011",6,201925,18.3509860038758,-1.17384684085846
"2004-08","50011",2,201925,19.8015928268433,-1.66958129405975
"2004-09","50011",0,201925,23.5047578811646,-2.12781453132629
"2004-10","50011",0,201925,23.2158918380738,-2.0020534992218
"2004-11","50011",2,201925,23.8074340820312,-1.84651696681976
"2004-12","50011",2,201925,25.0564584732056,-2.33976459503174
"2005-01","50011",0,201809,25.5390958786011,-2.01428198814392
"2005-02","50011",0,201809,26.3868017196655,-2.70544457435608
"2005-03","50011",1,201809,25.5551080703735,-3.48714756965637
"2005-04","50011",0,201809,23.7904930114746,-3.57808470726013
"2005-05","50011",0,201809,21.9367609024048,-3.54990315437317
"2005-06","50011",0,201809,20.3175959587098,-3.4304141998291
"2005-07","50011",0,201809,18.1322746276856,-3.53010606765747
"2005-08","50011",0,201809,21.3956832885742,-3.64849996566772
"2005-09","50011",0,201809,19.338933467865,-3.47371912002564
"2005-10","50011",0,201809,23.0471267700195,-3.07720708847046
"2005-11","50011",0,201809,24.6602735519409,-3.15372037887573
"2005-12","50011",2,201809,25.1495389938354,-3.10764837265015
"2006-01","50011",26,201696,26.5141954421997,-3.21563267707825
"2006-02","50011",133,201696,26.0663194656372,-3.01350283622742
"2006-03","50011",288,201696,25.422758102417,-2.7351381778717
"2006-04","50011",114,201696,23.1958885192872,-2.58124899864197
"2006-05","50011",45,201696,19.0064678192138,-2.96010446548462
"2006-06","50011",15,201696,18.8512697219849,-3.17519402503967
"2006-07","50011",4,201696,20.8521575927734,-3.25052165985107
"2006-08","50011",1,201696,20.8814415931702,-3.35206866264343
"2006-09","50011",1,201696,21.7349071502686,-3.08068799972534
"2006-10","50011",1,201696,24.6513528823853,-3.15301132202148
"2006-11","50011",6,201696,24.6921529769897,-3.21282696723938
"2006-12","50011",3,201696,26.4175510406494,-2.46131420135498
"2007-01","50011",110,212644,25.8904485702515,-1.60422468185425
"2007-02","50011",258,212644,26.2895298004151,-1.1474940776825
"2007-03","50011",638,212644,25.5290060043335,-1.6583536863327
"2007-04","50011",359,212644,24.6387987136841,-1.60918724536896
"2007-05","50011",105,212644,18.324212551117,-1.77633905410767
"2007-06","50011",21,212644,19.2246670722961,-2.2782609462738
"2007-07","50011",4,212644,17.1493535041809,-2.19903683662415
"2007-08","50011",1,212644,18.9760212898255,-2.37043190002441
"2007-09","50011",0,212644,25.0679559707642,-3.00326752662659
"2007-10","50011",4,212644,24.7779912948609,-3.8491096496582
"2007-11","50011",5,212644,24.2555704116821,-3.64488530158997
"2007-12","50011",10,212644,25.6152715682984,-3.68908715248108
"2008-01","50011",11,219097,25.5940084457397,-3.14077591896057
"2008-02","50011",5,219097,25.5501136779785,-2.90134739875793
"2008-03","50011",16,219097,24.8448314666749,-3.04626727104187
"2008-04","50011",4,219097,22.6586885452271,-2.97020363807678
"2008-05","50011",5,219097,19.6421556472778,-3.18598961830139
"2008-06","50011",2,219097,17.2178163528442,-3.30220746994019
"2008-07","50011",1,219097,21.500919342041,-3.43067955970764
"2008-08","50011",2,219097,20.8101029396057,-3.00626754760742
"2008-09","50011",4,219097,20.8113698959351,-3.08558392524719
"2008-10","50011",0,219097,23.949896812439,-3.23192477226257
"2008-11","50011",2,219097,24.9603252410889,-2.932133436203
"2008-12","50011",1,219097,25.9791049957275,-3.47226500511169
"2009-01","50011",1,220615,25.0505828857422,-3.25826692581177
"2009-02","50011",3,220615,26.215877532959,-3.1268630027771
"2009-03","50011",8,220615,26.0923442840576,-3.3143675327301
"2009-04","50011",10,220615,24.6447525024414,-3.98013257980347
"2009-05","50011",19,220615,21.4522714614868,-2.61906361579895
"2009-06","50011",3,220615,16.7697114944459,-0.174608007073402
"2009-07","50011",0,220615,17.4045605659485,0.43205988407135
"2009-08","50011",2,220615,20.1671929359436,0.527381122112274
"2009-09","50011",1,220615,21.5728492736816,0.636130213737488
"2009-10","50011",5,220615,23.5779018402099,1.32874846458435
"2009-11","50011",12,220615,27.0953712463379,1.32122898101807
"2009-12","50011",3,220615,25.5217981338501,1.71105802059174
"2010-01","50011",213,226179,25.9167995452881,2.00014495849609
"2010-02","50011",792,226179,27.3589067459107,2.05105638504028
"2010-03","50011",1913,226179,25.7615423202515,1.89008820056915
"2010-04","50011",960,226179,23.1904354095459,1.52178239822388
"2010-05","50011",247,226179,18.7953419685364,1.9463415145874
"2010-06","50011",33,226179,19.2292952537536,0.470832198858261
"2010-07","50011",11,226179,18.3208966255188,0.593031108379364
"2010-08","50011",5,226179,19.5867691040039,0.1276024132967
"2010-09","50011",5,226179,22.2126741409302,1.1096647977829
"2010-10","50011",4,226179,21.9107570648194,0.035954013466835
"2010-11","50011",7,226179,23.5140390396119,-0.494290679693222
"2010-12","50011",14,226179,25.378755569458,-0.572187542915344
"2011-01","50011",14,228174,26.3953151702881,-0.744988203048706
"2011-02","50011",19,228174,25.7072048187256,-0.481550723314285
"2011-03","50011",21,228174,24.8225965499878,-0.910637319087982
"2011-04","50011",36,228174,23.5629186630249,-0.652088642120361
"2011-05","50011",39,228174,20.3036494255066,-1.41442763805389
"2011-06","50011",5,228174,17.8424291610718,-1.5687427520752
"2011-07","50011",1,228174,19.1754903793335,-1.28221416473389
"2011-08","50011",0,228174,20.0487565994262,-1.42726194858551
"2011-09","50011",4,228174,22.6578254699708,-1.74706137180328
"2011-10","50011",3,228174,23.8007678985595,-1.49644339084625
"2011-11","50011",0,228174,24.3783140182495,-1.48192763328552
"2011-12","50011",3,228174,25.5102195739746,-2.03468132019043
"2012-01","50011",7,229949,26.3193349838257,-1.95075166225433
"2012-02","50011",21,229949,27.1771802902221,-1.99005329608917
"2012-03","50011",112,229949,24.8119173049927,-2.17953443527222
"2012-04","50011",58,229949,22.9784021377564,-1.19650173187256
"2012-05","50011",27,229949,21.0584025382995,-1.54179394245148
"2012-06","50011",10,229949,18.5529766082763,-0.914048731327057
"2012-07","50011",5,229949,17.6742897033691,-1.18431675434113
"2012-08","50011",8,229949,22.1413812637329,-1.51121079921722
"2012-09","50011",5,229949,24.110013961792,-1.85363936424255
"2012-10","50011",4,229949,25.2962245941162,-1.79233574867249
"2012-11","50011",54,229949,25.478401184082,-1.81104791164398
"2012-12","50011",121,229949,26.830756187439,-1.91870474815369
"2013-01","50011",855,236128,26.0737380981445,-2.27656316757202
"2013-02","50011",2063,236128,26.3274688720703,-2.45933675765991
"2013-03","50011",2585,236128,24.0842361450195,-2.61615800857544
"2013-04","50011",1285,236128,22.7119579315186,-0.0601226016879082
"2013-05","50011",321,236128,20.8494153022767,0.176481544971466
"2013-06","50011",92,236128,18.9072527885437,1.04730999469757
"2013-07","50011",26,236128,19.0379571914672,-0.200153663754463
"2013-08","50011",2,236128,18.1430897712708,-0.68647038936615
"2013-09","50011",7,236128,22.0968170166015,-1.08386254310608
"2013-10","50011",1,236128,23.416802406311,-0.538344323635101
"2013-11","50011",4,236128,25.0758037567139,-0.724393248558044
"2013-12","50011",31,236128,26.3435640335083,-1.2066091299057
"2014-01","50011",25,238165,26.5746364593506,-1.25809061527252
"2014-02","50011",51,238165,27.4006605148316,0.222898095846176
"2014-03","50011",52,238165,24.3502883911133,0.36015784740448
"2014-04","50011",43,238165,23.4723701477051,0.515012323856354
"2014-05","50011",52,238165,20.4649691581726,0.579770147800446
"2014-06","50011",18,238165,19.3362398147583,0.633531093597412
"2014-07","50011",6,238165,19.3302292823792,1.21181416511536
"2014-08","50011",7,238165,21.8063797950744,0.213877901434898
"2014-09","50011",11,238165,24.214708328247,0.677337646484375
"2014-10","50011",78,238165,26.2666978836059,-0.944928646087646
"2014-11","50011",23,238165,24.8670520782471,-0.622200548648834
"2014-12","50011",44,238165,25.3594007492066,-0.69920802116394
"2015-01","50011",621,240152,26.4720659255982,-0.628111898899078
"2015-02","50011",1547,240152,26.2942228317261,-0.843248784542084
"2015-03","50011",1108,240152,25.1448736190796,-1.13640856742859
"2015-04","50011",786,240152,23.8641271591187,-0.19768300652504
"2015-05","50011",418,240152,21.019706249237,0.440099149942398
"2015-06","50011",124,240152,20.3250193595886,0.387824803590775
"2015-07","50011",32,240152,19.2699999809265,1.21286797523499
"2015-08","50011",15,240152,23.3469352722168,2.09449291229248
"2015-09","50011",14,240152,23.647180557251,2.83083629608154
"2015-10","50011",19,240152,24.198676109314,3.12271642684937
"2015-11","50011",70,240152,24.3693571090699,4.03692388534546
"2015-12","50011",170,240152,25.4221239089966,5.29877090454102
"2016-01","50011",817,242110,26.7874422073365,5.2897219657898
"2016-02","50011",944,242110,27.0964403152466,6.1672830581665
"2016-03","50011",647,242110,24.2302799224854,5.08001327514648
"2016-04","50011",499,242110,25.3489723205566,3.78859186172485
"2016-05","50011",75,242110,18.6466403007508,4.47135257720947
"2016-06","50011",8,242110,15.6232099533081,3.14564251899719
"2016-07","50011",4,242110,19.0612840652466,2.72780251502991
"2016-08","50011",4,242110,21.0613703727723,3.09929251670837
"2016-09","50011",2,242110,21.3422813415527,2.54008460044861
"2016-10","50011",3,242110,23.5113725662232,2.53491258621216
"2016-11","50011",10,242110,24.0854148864746,1.95741283893585
"2016-12","50011",32,242110,25.1743144989014,2.23183298110962
"2017-01","50011",11,244046,26.5552225112916,1.61255252361298
"2017-02","50011",10,244046,26.5627374649048,1.497318983078
"2017-03","50011",11,244046,25.4318857192993,0.990388154983521
"2017-04","50011",14,244046,22.5585079193115,1.45035409927368
"2017-05","50011",10,244046,21.4293127059937,1.75565898418427
"2017-06","50011",4,244046,18.997211933136,1.60166943073273
"2017-07","50011",3,244046,20.2285528182984,0.950126647949219
"2017-08","50011",0,244046,22.0340728759765,0.966887176036835
"2017-09","50011",14,244046,24.9956684112549,0.311127126216888
"2017-10","50011",21,244046,23.5763578414917,1.36948573589325
"2017-11","50011",29,244046,23.7812728881836,1.96416628360748
"2017-12","50011",16,244046,26.0213890075684,2.27794766426086
"2018-01","50011",15,246499,25.3258037567138,2.65124225616455
"2018-02","50011",9,246499,25.6904201507569,2.66711378097534
"2018-03","50011",13,246499,25.1059713363647,2.72889423370361
"2018-04","50011",25,246499,25.5532989501954,-0.948557198047638
"2018-05","50011",9,246499,22.228141784668,-1.2203540802002
"2018-06","50011",1,246499,17.5831685066223,-1.67261576652527
"2018-07","50011",1,246499,19.1019773483277,-2.09279370307922
"2018-08","50011",1,246499,18.2720532417298,-2.0464870929718
"2018-09","50011",5,246499,22.9047021865845,-0.978775918483734
"2018-10","50011",6,246499,23.6148748397827,-0.124500684440136
"2018-11","50011",9,246499,25.1707916259765,-0.0131831234320998
"2018-12","50011",3,246499,25.9798173904419,-0.713691890239716
"2019-01","50011",12,248448,26.8909521102905,-1.16374528408051
"2019-02","50011",140,248448,26.1721878051757,-1.20707106590271
"2019-03","50011",631,248448,24.5341215133667,-0.46483650803566
"2019-04","50011",711,248448,24.1367588043213,-0.444615066051483
"2019-05","50011",530,248448,21.7183132171631,-0.384211272001267
"2019-06","50011",255,248448,21.1201834678649,-1.02629852294922
"2019-07","50011",67,248448,18.355827331543,-1.08570027351379
"2019-08","50011",27,248448,20.359872341156,-1.54771268367767
"2019-09","50011",26,248448,23.9353322982788,-2.20934200286865
