https://github.com/chap-models/chapkit_ghr_model is the marketplace model chapkit_ghr_model; enabling that (pass `--id <other>` to add it beside it instead)
asking ghcr.io/chap-models/chapkit_ghr_model:sha-dfb2e3f what uid `app` is (this pulls the image)
sha-dfb2e3f: Pulling from chap-models/chapkit_ghr_model
6b37362b3da7: Already exists
fca3f12867fb: Already exists
af104622b4b0: Already exists
a87f5f63df66: Already exists
766f5f182be3: Pulling fs layer
764ed34eec36: Pulling fs layer
37359566ed10: Pulling fs layer
7c4627a62657: Pulling fs layer
4311fae36d8d: Pulling fs layer
f08543b25448: Pulling fs layer
4f8d4221abc8: Pulling fs layer
a71fb70c33c2: Pulling fs layer
4f4fb700ef54: Pulling fs layer
9b4e5bd96fc6: Pulling fs layer
0cc027d4f22c: Pulling fs layer
2058d0f26985: Pulling fs layer
6889af65efa7: Pulling fs layer
e55f69b5fd60: Pulling fs layer
62242d415a5d: Pulling fs layer
42466c4694d6: Pulling fs layer
7c4627a62657: Waiting
4311fae36d8d: Waiting
f08543b25448: Waiting
4f8d4221abc8: Waiting
6889af65efa7: Waiting
e55f69b5fd60: Waiting
62242d415a5d: Waiting
42466c4694d6: Waiting
a71fb70c33c2: Waiting
4f4fb700ef54: Waiting
9b4e5bd96fc6: Waiting
2058d0f26985: Waiting
0cc027d4f22c: Waiting
37359566ed10: Verifying Checksum
37359566ed10: Download complete
766f5f182be3: Verifying Checksum
766f5f182be3: Download complete
766f5f182be3: Pull complete
4311fae36d8d: Verifying Checksum
4311fae36d8d: Download complete
764ed34eec36: Verifying Checksum
764ed34eec36: Download complete
764ed34eec36: Pull complete
37359566ed10: Pull complete
7c4627a62657: Retrying in 5 seconds
7c4627a62657: Retrying in 4 seconds
7c4627a62657: Retrying in 3 seconds
7c4627a62657: Retrying in 2 seconds
7c4627a62657: Retrying in 1 second
f08543b25448: Verifying Checksum
f08543b25448: Download complete
4f8d4221abc8: Retrying in 5 seconds
4f8d4221abc8: Retrying in 4 seconds
4f8d4221abc8: Retrying in 3 seconds
4f8d4221abc8: Retrying in 2 seconds
4f8d4221abc8: Retrying in 1 second
4f8d4221abc8: Verifying Checksum
4f8d4221abc8: Download complete
4f4fb700ef54: Verifying Checksum
4f4fb700ef54: Download complete
9b4e5bd96fc6: Download complete
0cc027d4f22c: Verifying Checksum
0cc027d4f22c: Download complete
2058d0f26985: Verifying Checksum
2058d0f26985: Download complete
7c4627a62657: Retrying in 10 seconds
7c4627a62657: Retrying in 9 seconds
7c4627a62657: Retrying in 8 seconds
7c4627a62657: Retrying in 7 seconds
7c4627a62657: Retrying in 6 seconds
7c4627a62657: Retrying in 5 seconds
7c4627a62657: Retrying in 4 seconds
7c4627a62657: Retrying in 3 seconds
7c4627a62657: Retrying in 2 seconds
7c4627a62657: Retrying in 1 second
a71fb70c33c2: Verifying Checksum
a71fb70c33c2: Download complete
e55f69b5fd60: Verifying Checksum
e55f69b5fd60: Download complete
62242d415a5d: Verifying Checksum
62242d415a5d: Download complete
42466c4694d6: Verifying Checksum
42466c4694d6: Download complete
6889af65efa7: Verifying Checksum
6889af65efa7: Download complete
7c4627a62657: Retrying in 15 seconds
7c4627a62657: Retrying in 14 seconds
7c4627a62657: Retrying in 13 seconds
7c4627a62657: Retrying in 12 seconds
7c4627a62657: Retrying in 11 seconds
7c4627a62657: Retrying in 10 seconds
7c4627a62657: Retrying in 9 seconds
7c4627a62657: Retrying in 8 seconds
7c4627a62657: Retrying in 7 seconds
7c4627a62657: Retrying in 6 seconds
7c4627a62657: Retrying in 5 seconds
7c4627a62657: Retrying in 4 seconds
7c4627a62657: Retrying in 3 seconds
7c4627a62657: Retrying in 2 seconds
7c4627a62657: Retrying in 1 second
7c4627a62657: Retrying in 20 seconds
7c4627a62657: Retrying in 19 seconds
7c4627a62657: Retrying in 18 seconds
7c4627a62657: Retrying in 17 seconds
7c4627a62657: Retrying in 16 seconds
7c4627a62657: Retrying in 15 seconds
7c4627a62657: Retrying in 14 seconds
7c4627a62657: Retrying in 13 seconds
7c4627a62657: Retrying in 12 seconds
7c4627a62657: Retrying in 11 seconds
7c4627a62657: Retrying in 10 seconds
7c4627a62657: Retrying in 9 seconds
7c4627a62657: Retrying in 8 seconds
7c4627a62657: Retrying in 7 seconds
7c4627a62657: Retrying in 6 seconds
7c4627a62657: Retrying in 5 seconds
7c4627a62657: Retrying in 4 seconds
7c4627a62657: Retrying in 3 seconds
7c4627a62657: Retrying in 2 seconds
7c4627a62657: Retrying in 1 second
unexpected EOF
warning: chapkit_ghr_model runs as `app`, which has no known uid:gid; the volume init container will chown /work/data to 1000:1000 instead - pass `--user <uid>:<gid>` if that is wrong
starting chapkit-ghr-model (chapkit_ghr_model in /Users/geirksa_1_2_3/.local/share/chaps/run/default)
 chapkit-ghr-model-init Pulling 
 chapkit-ghr-model Pulling 
 6b37362b3da7 Already exists 
 fca3f12867fb Already exists 
 af104622b4b0 Already exists 
 a87f5f63df66 Already exists 
 766f5f182be3 Pulling fs layer 
 764ed34eec36 Pulling fs layer 
 37359566ed10 Pulling fs layer 
 7c4627a62657 Pulling fs layer 
 4311fae36d8d Pulling fs layer 
 f08543b25448 Pulling fs layer 
 4f8d4221abc8 Pulling fs layer 
 a71fb70c33c2 Pulling fs layer 
 4f4fb700ef54 Pulling fs layer 
 9b4e5bd96fc6 Pulling fs layer 
 0cc027d4f22c Pulling fs layer 
 2058d0f26985 Pulling fs layer 
 6889af65efa7 Pulling fs layer 
 e55f69b5fd60 Pulling fs layer 
 62242d415a5d Pulling fs layer 
 42466c4694d6 Pulling fs layer 
 7c4627a62657 Waiting 
 4311fae36d8d Waiting 
 f08543b25448 Waiting 
 4f8d4221abc8 Waiting 
 a71fb70c33c2 Waiting 
 4f4fb700ef54 Waiting 
 9b4e5bd96fc6 Waiting 
 0cc027d4f22c Waiting 
 2058d0f26985 Waiting 
 42466c4694d6 Waiting 
 6889af65efa7 Waiting 
 e55f69b5fd60 Waiting 
 62242d415a5d Waiting 
 37359566ed10 Downloading [==================================================>]      94B/94B
 37359566ed10 Verifying Checksum 
 37359566ed10 Download complete 
 764ed34eec36 Downloading [>                                                  ]  435.1kB/41.96MB
 766f5f182be3 Downloading [>                                                  ]    237kB/22.75MB
 af820adcc158 Pulling fs layer 
 af820adcc158 Waiting 
 766f5f182be3 Downloading [=>                                                 ]  466.4kB/22.75MB
 764ed34eec36 Downloading [=>                                                 ]  861.1kB/41.96MB
 766f5f182be3 Downloading [=>                                                 ]  695.8kB/22.75MB
 764ed34eec36 Downloading [=>                                                 ]  1.287MB/41.96MB
 766f5f182be3 Downloading [==>                                                ]  925.1kB/22.75MB
 764ed34eec36 Downloading [==>                                                ]  1.713MB/41.96MB
 766f5f182be3 Downloading [==>                                                ]  1.155MB/22.75MB
 764ed34eec36 Downloading [==>                                                ]  2.139MB/41.96MB
 766f5f182be3 Downloading [===>                                               ]  1.384MB/22.75MB
 7c4627a62657 Downloading [>                                                  ]  539.3kB/1.424GB
 766f5f182be3 Downloading [===>                                               ]  1.613MB/22.75MB
 764ed34eec36 Downloading [===>                                               ]  2.565MB/41.96MB
 766f5f182be3 Downloading [====>                                              ]  1.843MB/22.75MB
 764ed34eec36 Downloading [===>                                               ]  2.991MB/41.96MB
 766f5f182be3 Downloading [====>                                              ]  2.072MB/22.75MB
 766f5f182be3 Downloading [=====>                                             ]  2.301MB/22.75MB
 764ed34eec36 Downloading [====>                                              ]  3.417MB/41.96MB
 766f5f182be3 Downloading [=====>                                             ]  2.531MB/22.75MB
 764ed34eec36 Downloading [====>                                              ]  3.843MB/41.96MB
 766f5f182be3 Downloading [======>                                            ]   2.76MB/22.75MB
 7c4627a62657 Downloading [>                                                  ]   1.08MB/1.424GB
 766f5f182be3 Downloading [======>                                            ]   2.99MB/22.75MB
 764ed34eec36 Downloading [=====>                                             ]  4.269MB/41.96MB
 766f5f182be3 Downloading [=======>                                           ]  3.219MB/22.75MB
 764ed34eec36 Downloading [=====>                                             ]  4.695MB/41.96MB
 766f5f182be3 Downloading [=======>                                           ]  3.448MB/22.75MB
 766f5f182be3 Downloading [========>                                          ]  3.678MB/22.75MB
 764ed34eec36 Downloading [======>                                            ]  5.121MB/41.96MB
 766f5f182be3 Downloading [========>                                          ]  3.907MB/22.75MB
 7c4627a62657 Downloading [>                                                  ]  1.621MB/1.424GB
 764ed34eec36 Downloading [======>                                            ]  5.547MB/41.96MB
 766f5f182be3 Downloading [=========>                                         ]  4.136MB/22.75MB
 766f5f182be3 Downloading [=========>                                         ]  4.366MB/22.75MB
 764ed34eec36 Downloading [=======>                                           ]  5.973MB/41.96MB
 7c4627a62657 Downloading [>                                                  ]  2.161MB/1.424GB
 766f5f182be3 Downloading [==========>                                        ]  4.595MB/22.75MB
 764ed34eec36 Downloading [=======>                                           ]  6.399MB/41.96MB
 766f5f182be3 Downloading [==========>                                        ]  4.825MB/22.75MB
 766f5f182be3 Downloading [===========>                                       ]  5.054MB/22.75MB
 764ed34eec36 Downloading [========>                                          ]  6.825MB/41.96MB
 7c4627a62657 Downloading [>                                                  ]  2.702MB/1.424GB
 766f5f182be3 Downloading [===========>                                       ]  5.283MB/22.75MB
 764ed34eec36 Downloading [========>                                          ]  7.251MB/41.96MB
 766f5f182be3 Downloading [============>                                      ]  5.513MB/22.75MB
 7c4627a62657 Downloading [>                                                  ]  3.243MB/1.424GB
 766f5f182be3 Downloading [============>                                      ]  5.742MB/22.75MB
 764ed34eec36 Downloading [=========>                                         ]  7.677MB/41.96MB
 766f5f182be3 Downloading [=============>                                     ]  5.971MB/22.75MB
 7c4627a62657 Downloading [>                                                  ]  3.783MB/1.424GB
 766f5f182be3 Downloading [=============>                                     ]  6.201MB/22.75MB
 764ed34eec36 Downloading [=========>                                         ]  8.103MB/41.96MB
 766f5f182be3 Downloading [==============>                                    ]   6.43MB/22.75MB
 764ed34eec36 Downloading [==========>                                        ]  8.529MB/41.96MB
 764ed34eec36 Downloading [==========>                                        ]  8.955MB/41.96MB
 766f5f182be3 Downloading [==============>                                    ]   6.66MB/22.75MB
 7c4627a62657 Downloading [>                                                  ]  4.324MB/1.424GB
 766f5f182be3 Downloading [===============>                                   ]  6.889MB/22.75MB
 764ed34eec36 Downloading [===========>                                       ]  9.381MB/41.96MB
 766f5f182be3 Downloading [===============>                                   ]  7.118MB/22.75MB
 764ed34eec36 Downloading [===========>                                       ]  9.807MB/41.96MB
 7c4627a62657 Downloading [>                                                  ]  4.865MB/1.424GB
 766f5f182be3 Downloading [================>                                  ]  7.348MB/22.75MB
 764ed34eec36 Downloading [============>                                      ]  10.23MB/41.96MB
 7c4627a62657 Downloading [>                                                  ]  5.405MB/1.424GB
 764ed34eec36 Downloading [============>                                      ]  10.66MB/41.96MB
 766f5f182be3 Downloading [================>                                  ]  7.577MB/22.75MB
 764ed34eec36 Downloading [=============>                                     ]  11.08MB/41.96MB
 766f5f182be3 Downloading [=================>                                 ]  8.036MB/22.75MB
 7c4627a62657 Downloading [>                                                  ]  5.946MB/1.424GB
 764ed34eec36 Downloading [=============>                                     ]  11.51MB/41.96MB
 766f5f182be3 Downloading [==================>                                ]  8.265MB/22.75MB
 7c4627a62657 Downloading [>                                                  ]  6.487MB/1.424GB
 766f5f182be3 Downloading [==================>                                ]  8.495MB/22.75MB
 764ed34eec36 Downloading [==============>                                    ]  11.94MB/41.96MB
 766f5f182be3 Downloading [===================>                               ]  8.724MB/22.75MB
 766f5f182be3 Downloading [===================>                               ]  8.953MB/22.75MB
 7c4627a62657 Downloading [>                                                  ]  7.027MB/1.424GB
 764ed34eec36 Downloading [==============>                                    ]  12.37MB/41.96MB
 766f5f182be3 Downloading [====================>                              ]  9.183MB/22.75MB
 764ed34eec36 Downloading [===============>                                   ]   12.8MB/41.96MB
 766f5f182be3 Downloading [====================>                              ]  9.412MB/22.75MB
 7c4627a62657 Downloading [>                                                  ]  7.568MB/1.424GB
 764ed34eec36 Downloading [===============>                                   ]  13.22MB/41.96MB
 766f5f182be3 Downloading [=====================>                             ]  9.641MB/22.75MB
 766f5f182be3 Downloading [=====================>                             ]  9.871MB/22.75MB
 7c4627a62657 Downloading [>                                                  ]  8.109MB/1.424GB
 764ed34eec36 Downloading [================>                                  ]  13.65MB/41.96MB
 766f5f182be3 Downloading [======================>                            ]   10.1MB/22.75MB
 766f5f182be3 Downloading [======================>                            ]  10.33MB/22.75MB
 764ed34eec36 Downloading [================>                                  ]  14.07MB/41.96MB
 7c4627a62657 Downloading [>                                                  ]  8.649MB/1.424GB
 766f5f182be3 Downloading [=======================>                           ]  10.56MB/22.75MB
 766f5f182be3 Downloading [=======================>                           ]  10.79MB/22.75MB
 766f5f182be3 Downloading [========================>                          ]  11.02MB/22.75MB
 764ed34eec36 Downloading [=================>                                 ]   14.5MB/41.96MB
 7c4627a62657 Downloading [>                                                  ]   9.19MB/1.424GB
 764ed34eec36 Downloading [=================>                                 ]  14.93MB/41.96MB
 766f5f182be3 Downloading [========================>                          ]  11.25MB/22.75MB
 766f5f182be3 Downloading [=========================>                         ]  11.48MB/22.75MB
 7c4627a62657 Downloading [>                                                  ]  9.731MB/1.424GB
 764ed34eec36 Downloading [==================>                                ]  15.35MB/41.96MB
 766f5f182be3 Downloading [=========================>                         ]  11.71MB/22.75MB
 766f5f182be3 Downloading [==========================>                        ]  11.94MB/22.75MB
 764ed34eec36 Downloading [==================>                                ]  15.78MB/41.96MB
 7c4627a62657 Downloading [>                                                  ]  10.27MB/1.424GB
 766f5f182be3 Downloading [==========================>                        ]  12.16MB/22.75MB
 764ed34eec36 Downloading [===================>                               ]   16.2MB/41.96MB
 766f5f182be3 Downloading [===========================>                       ]  12.39MB/22.75MB
 7c4627a62657 Downloading [>                                                  ]  10.81MB/1.424GB
 766f5f182be3 Downloading [===========================>                       ]  12.62MB/22.75MB
 764ed34eec36 Downloading [===================>                               ]  16.63MB/41.96MB
 766f5f182be3 Downloading [============================>                      ]  12.85MB/22.75MB
 7c4627a62657 Downloading [>                                                  ]  11.35MB/1.424GB
 766f5f182be3 Downloading [============================>                      ]  13.08MB/22.75MB
 764ed34eec36 Downloading [====================>                              ]  17.06MB/41.96MB
 766f5f182be3 Downloading [=============================>                     ]  13.31MB/22.75MB
 764ed34eec36 Downloading [====================>                              ]  17.48MB/41.96MB
 7c4627a62657 Downloading [>                                                  ]  11.89MB/1.424GB
 766f5f182be3 Downloading [=============================>                     ]  13.54MB/22.75MB
 766f5f182be3 Downloading [==============================>                    ]  13.77MB/22.75MB
 766f5f182be3 Downloading [==============================>                    ]     14MB/22.75MB
 764ed34eec36 Downloading [=====================>                             ]  17.91MB/41.96MB
 7c4627a62657 Downloading [>                                                  ]  12.43MB/1.424GB
 766f5f182be3 Downloading [===============================>                   ]  14.23MB/22.75MB
 764ed34eec36 Downloading [=====================>                             ]  18.33MB/41.96MB
 766f5f182be3 Downloading [===============================>                   ]  14.46MB/22.75MB
 7c4627a62657 Downloading [>                                                  ]  12.97MB/1.424GB
 764ed34eec36 Downloading [======================>                            ]  18.76MB/41.96MB
 766f5f182be3 Downloading [================================>                  ]  14.69MB/22.75MB
 766f5f182be3 Downloading [================================>                  ]  14.92MB/22.75MB
 7c4627a62657 Downloading [>                                                  ]  13.52MB/1.424GB
 764ed34eec36 Downloading [======================>                            ]  19.19MB/41.96MB
 766f5f182be3 Downloading [=================================>                 ]  15.15MB/22.75MB
 764ed34eec36 Downloading [=======================>                           ]  19.61MB/41.96MB
 766f5f182be3 Downloading [=================================>                 ]  15.38MB/22.75MB
 7c4627a62657 Downloading [>                                                  ]  14.06MB/1.424GB
 766f5f182be3 Downloading [==================================>                ]  15.61MB/22.75MB
 764ed34eec36 Downloading [=======================>                           ]  20.04MB/41.96MB
 766f5f182be3 Downloading [==================================>                ]  15.83MB/22.75MB
 7c4627a62657 Downloading [>                                                  ]   14.6MB/1.424GB
 766f5f182be3 Downloading [===================================>               ]  16.06MB/22.75MB
 764ed34eec36 Downloading [========================>                          ]  20.46MB/41.96MB
 766f5f182be3 Downloading [===================================>               ]  16.29MB/22.75MB
 766f5f182be3 Downloading [====================================>              ]  16.52MB/22.75MB
 7c4627a62657 Downloading [>                                                  ]  15.14MB/1.424GB
 764ed34eec36 Downloading [========================>                          ]  20.89MB/41.96MB
 766f5f182be3 Downloading [====================================>              ]  16.75MB/22.75MB
 764ed34eec36 Downloading [=========================>                         ]  21.32MB/41.96MB
 7c4627a62657 Downloading [>                                                  ]  15.68MB/1.424GB
 766f5f182be3 Downloading [=====================================>             ]  16.98MB/22.75MB
 766f5f182be3 Downloading [=====================================>             ]  17.21MB/22.75MB
 764ed34eec36 Downloading [=========================>                         ]  21.74MB/41.96MB
 766f5f182be3 Downloading [======================================>            ]  17.44MB/22.75MB
 7c4627a62657 Downloading [>                                                  ]  16.22MB/1.424GB
 766f5f182be3 Downloading [======================================>            ]  17.67MB/22.75MB
 764ed34eec36 Downloading [==========================>                        ]  22.17MB/41.96MB
 766f5f182be3 Downloading [=======================================>           ]   17.9MB/22.75MB
 7c4627a62657 Downloading [>                                                  ]  16.76MB/1.424GB
 764ed34eec36 Downloading [==========================>                        ]  22.59MB/41.96MB
 766f5f182be3 Downloading [=======================================>           ]  18.13MB/22.75MB
 766f5f182be3 Downloading [========================================>          ]  18.36MB/22.75MB
 7c4627a62657 Downloading [>                                                  ]   17.3MB/1.424GB
 764ed34eec36 Downloading [===========================>                       ]  23.02MB/41.96MB
 766f5f182be3 Downloading [========================================>          ]  18.59MB/22.75MB
 766f5f182be3 Downloading [=========================================>         ]  18.82MB/22.75MB
 764ed34eec36 Downloading [===========================>                       ]  23.45MB/41.96MB
 7c4627a62657 Downloading [>                                                  ]  17.84MB/1.424GB
 766f5f182be3 Downloading [=========================================>         ]  19.05MB/22.75MB
 766f5f182be3 Downloading [==========================================>        ]  19.28MB/22.75MB
 764ed34eec36 Downloading [============================>                      ]  23.87MB/41.96MB
 7c4627a62657 Downloading [>                                                  ]  18.38MB/1.424GB
 766f5f182be3 Downloading [==========================================>        ]   19.5MB/22.75MB
 764ed34eec36 Downloading [============================>                      ]   24.3MB/41.96MB
 766f5f182be3 Downloading [===========================================>       ]  19.73MB/22.75MB
 7c4627a62657 Downloading [>                                                  ]  18.92MB/1.424GB
 766f5f182be3 Downloading [===========================================>       ]  19.96MB/22.75MB
 764ed34eec36 Downloading [=============================>                     ]  24.72MB/41.96MB
 766f5f182be3 Downloading [============================================>      ]  20.19MB/22.75MB
 7c4627a62657 Downloading [>                                                  ]  19.46MB/1.424GB
 766f5f182be3 Downloading [============================================>      ]  20.42MB/22.75MB
 764ed34eec36 Downloading [=============================>                     ]  25.15MB/41.96MB
 766f5f182be3 Downloading [=============================================>     ]  20.65MB/22.75MB
 7c4627a62657 Downloading [>                                                  ]     20MB/1.424GB
 766f5f182be3 Downloading [=============================================>     ]  20.88MB/22.75MB
 764ed34eec36 Downloading [==============================>                    ]  25.58MB/41.96MB
 766f5f182be3 Downloading [==============================================>    ]  21.11MB/22.75MB
 766f5f182be3 Downloading [==============================================>    ]  21.35MB/22.75MB
 764ed34eec36 Downloading [==============================>                    ]     26MB/41.96MB
 7c4627a62657 Downloading [>                                                  ]  20.54MB/1.424GB
 766f5f182be3 Downloading [===============================================>   ]  21.58MB/22.75MB
 766f5f182be3 Downloading [===============================================>   ]  21.81MB/22.75MB
 764ed34eec36 Downloading [===============================>                   ]  26.43MB/41.96MB
 7c4627a62657 Downloading [>                                                  ]  21.08MB/1.424GB
 766f5f182be3 Downloading [================================================>  ]  22.04MB/22.75MB
 766f5f182be3 Downloading [================================================>  ]  22.26MB/22.75MB
 764ed34eec36 Downloading [===============================>                   ]  26.85MB/41.96MB
 7c4627a62657 Downloading [>                                                  ]  21.63MB/1.424GB
 766f5f182be3 Downloading [=================================================> ]  22.49MB/22.75MB
 764ed34eec36 Downloading [================================>                  ]  27.28MB/41.96MB
 766f5f182be3 Downloading [=================================================> ]  22.72MB/22.75MB
 766f5f182be3 Verifying Checksum 
 766f5f182be3 Download complete 
 766f5f182be3 Extracting [>                                                  ]  229.4kB/22.75MB
 766f5f182be3 Extracting [========================>                          ]  11.01MB/22.75MB
 766f5f182be3 Extracting [================================================>  ]  22.25MB/22.75MB
 766f5f182be3 Extracting [==================================================>]  22.75MB/22.75MB
 766f5f182be3 Pull complete 
 7c4627a62657 Downloading [>                                                  ]  22.17MB/1.424GB
 764ed34eec36 Downloading [=================================>                 ]  27.71MB/41.96MB
 7c4627a62657 Downloading [>                                                  ]  22.71MB/1.424GB
 764ed34eec36 Downloading [=================================>                 ]  28.13MB/41.96MB
 764ed34eec36 Downloading [==================================>                ]  28.56MB/41.96MB
 7c4627a62657 Downloading [>                                                  ]  23.25MB/1.424GB
 764ed34eec36 Downloading [==================================>                ]  28.98MB/41.96MB
 7c4627a62657 Downloading [>                                                  ]  23.79MB/1.424GB
 764ed34eec36 Downloading [===================================>               ]  29.41MB/41.96MB
 7c4627a62657 Downloading [>                                                  ]  24.33MB/1.424GB
 4311fae36d8d Downloading [=======>                                           ]  1.378kB/9.065kB
 764ed34eec36 Downloading [===================================>               ]  29.84MB/41.96MB
 4311fae36d8d Downloading [==================================================>]  9.065kB/9.065kB
 4311fae36d8d Verifying Checksum 
 4311fae36d8d Download complete 
 764ed34eec36 Downloading [====================================>              ]  30.26MB/41.96MB
 7c4627a62657 Downloading [>                                                  ]  24.87MB/1.424GB
 7c4627a62657 Downloading [>                                                  ]  25.41MB/1.424GB
 764ed34eec36 Downloading [====================================>              ]  30.69MB/41.96MB
 764ed34eec36 Downloading [=====================================>             ]  31.11MB/41.96MB
 7c4627a62657 Downloading [>                                                  ]  25.95MB/1.424GB
 764ed34eec36 Downloading [=====================================>             ]  31.54MB/41.96MB
 7c4627a62657 Downloading [>                                                  ]  26.49MB/1.424GB
 764ed34eec36 Downloading [======================================>            ]  31.96MB/41.96MB
 7c4627a62657 Downloading [>                                                  ]  27.03MB/1.424GB
 764ed34eec36 Downloading [======================================>            ]  32.39MB/41.96MB
 f08543b25448 Downloading [>                                                  ]  539.3kB/97.92MB
 7c4627a62657 Downloading [>                                                  ]  27.57MB/1.424GB
 764ed34eec36 Downloading [=======================================>           ]  32.82MB/41.96MB
 f08543b25448 Downloading [>                                                  ]   1.08MB/97.92MB
 764ed34eec36 Downloading [=======================================>           ]  33.24MB/41.96MB
 f08543b25448 Downloading [>                                                  ]  1.621MB/97.92MB
 7c4627a62657 Downloading [>                                                  ]  28.11MB/1.424GB
 f08543b25448 Downloading [=>                                                 ]  2.161MB/97.92MB
 764ed34eec36 Downloading [========================================>          ]  33.67MB/41.96MB
 f08543b25448 Downloading [=>                                                 ]  2.702MB/97.92MB
 7c4627a62657 Downloading [=>                                                 ]  28.65MB/1.424GB
 764ed34eec36 Downloading [========================================>          ]  34.09MB/41.96MB
 764ed34eec36 Downloading [=========================================>         ]  34.52MB/41.96MB
 7c4627a62657 Downloading [=>                                                 ]  29.19MB/1.424GB
 f08543b25448 Downloading [=>                                                 ]  3.243MB/97.92MB
 764ed34eec36 Downloading [=========================================>         ]  34.95MB/41.96MB
 7c4627a62657 Downloading [=>                                                 ]  29.74MB/1.424GB
 764ed34eec36 Downloading [==========================================>        ]  35.37MB/41.96MB
 764ed34eec36 Downloading [==========================================>        ]   35.8MB/41.96MB
 f08543b25448 Downloading [=>                                                 ]  3.783MB/97.92MB
 7c4627a62657 Downloading [=>                                                 ]  30.28MB/1.424GB
 764ed34eec36 Downloading [===========================================>       ]  36.22MB/41.96MB
 7c4627a62657 Downloading [=>                                                 ]  30.82MB/1.424GB
 764ed34eec36 Downloading [===========================================>       ]  36.65MB/41.96MB
 f08543b25448 Downloading [==>                                                ]  4.324MB/97.92MB
 7c4627a62657 Downloading [=>                                                 ]  31.36MB/1.424GB
 764ed34eec36 Downloading [============================================>      ]  37.08MB/41.96MB
 f08543b25448 Downloading [==>                                                ]  4.865MB/97.92MB
 764ed34eec36 Downloading [============================================>      ]   37.5MB/41.96MB
 7c4627a62657 Downloading [=>                                                 ]   31.9MB/1.424GB
 764ed34eec36 Downloading [=============================================>     ]  37.93MB/41.96MB
 f08543b25448 Downloading [==>                                                ]  5.405MB/97.92MB
 7c4627a62657 Downloading [=>                                                 ]  32.44MB/1.424GB
 764ed34eec36 Downloading [=============================================>     ]  38.35MB/41.96MB
 f08543b25448 Downloading [===>                                               ]  5.946MB/97.92MB
 764ed34eec36 Downloading [==============================================>    ]  38.78MB/41.96MB
 7c4627a62657 Downloading [=>                                                 ]  32.98MB/1.424GB
 f08543b25448 Downloading [===>                                               ]  6.487MB/97.92MB
 764ed34eec36 Downloading [==============================================>    ]  39.21MB/41.96MB
 7c4627a62657 Downloading [=>                                                 ]  33.52MB/1.424GB
 f08543b25448 Downloading [===>                                               ]  7.027MB/97.92MB
 764ed34eec36 Downloading [===============================================>   ]  39.63MB/41.96MB
 f08543b25448 Downloading [===>                                               ]  7.568MB/97.92MB
 7c4627a62657 Downloading [=>                                                 ]  34.06MB/1.424GB
 764ed34eec36 Downloading [===============================================>   ]  40.06MB/41.96MB
 f08543b25448 Downloading [====>                                              ]  8.109MB/97.92MB
 764ed34eec36 Downloading [================================================>  ]  40.48MB/41.96MB
 7c4627a62657 Downloading [=>                                                 ]   34.6MB/1.424GB
 f08543b25448 Downloading [====>                                              ]  8.649MB/97.92MB
 764ed34eec36 Downloading [================================================>  ]  40.91MB/41.96MB
 7c4627a62657 Downloading [=>                                                 ]  35.14MB/1.424GB
 f08543b25448 Downloading [====>                                              ]   9.19MB/97.92MB
 764ed34eec36 Downloading [=================================================> ]  41.34MB/41.96MB
 f08543b25448 Downloading [====>                                              ]  9.731MB/97.92MB
 7c4627a62657 Downloading [=>                                                 ]  35.68MB/1.424GB
 764ed34eec36 Downloading [=================================================> ]  41.76MB/41.96MB
 f08543b25448 Downloading [=====>                                             ]  10.27MB/97.92MB
 764ed34eec36 Verifying Checksum 
 764ed34eec36 Download complete 
 764ed34eec36 Extracting [>                                                  ]    426kB/41.96MB
 764ed34eec36 Extracting [===============>                                   ]  12.78MB/41.96MB
 764ed34eec36 Extracting [=======================>                           ]  20.02MB/41.96MB
 764ed34eec36 Extracting [==================================>                ]  28.54MB/41.96MB
 764ed34eec36 Extracting [=====================================>             ]   31.1MB/41.96MB
 764ed34eec36 Extracting [===========================================>       ]  36.21MB/41.96MB
 764ed34eec36 Extracting [==============================================>    ]  39.19MB/41.96MB
 764ed34eec36 Extracting [=================================================> ]  41.75MB/41.96MB
 f08543b25448 Downloading [=====>                                             ]  10.81MB/97.92MB
 764ed34eec36 Extracting [==================================================>]  41.96MB/41.96MB
 7c4627a62657 Downloading [=>                                                 ]  36.22MB/1.424GB
 764ed34eec36 Pull complete 
 37359566ed10 Extracting [==================================================>]      94B/94B
 37359566ed10 Extracting [==================================================>]      94B/94B
 37359566ed10 Pull complete 
 f08543b25448 Downloading [=====>                                             ]  11.35MB/97.92MB
 7c4627a62657 Downloading [=>                                                 ]  36.76MB/1.424GB
 f08543b25448 Downloading [======>                                            ]  11.89MB/97.92MB
 7c4627a62657 Downloading [=>                                                 ]  37.31MB/1.424GB
 f08543b25448 Downloading [======>                                            ]  12.43MB/97.92MB
 7c4627a62657 Downloading [=>                                                 ]  37.85MB/1.424GB
 f08543b25448 Downloading [======>                                            ]  13.52MB/97.92MB
 7c4627a62657 Downloading [=>                                                 ]  38.39MB/1.424GB
 f08543b25448 Downloading [=======>                                           ]  14.06MB/97.92MB
 7c4627a62657 Downloading [=>                                                 ]  38.93MB/1.424GB
 f08543b25448 Downloading [=======>                                           ]   14.6MB/97.92MB
 f08543b25448 Downloading [=======>                                           ]  15.14MB/97.92MB
 7c4627a62657 Downloading [=>                                                 ]  39.47MB/1.424GB
 f08543b25448 Downloading [========>                                          ]  15.68MB/97.92MB
 7c4627a62657 Downloading [=>                                                 ]  40.01MB/1.424GB
 f08543b25448 Downloading [========>                                          ]  16.22MB/97.92MB
 7c4627a62657 Downloading [=>                                                 ]  40.55MB/1.424GB
 f08543b25448 Downloading [========>                                          ]  16.76MB/97.92MB
 7c4627a62657 Downloading [=>                                                 ]  41.09MB/1.424GB
 f08543b25448 Downloading [========>                                          ]   17.3MB/97.92MB
 7c4627a62657 Downloading [=>                                                 ]  41.63MB/1.424GB
 4f8d4221abc8 Downloading [>                                                  ]  539.3kB/75.94MB
 f08543b25448 Downloading [=========>                                         ]  17.84MB/97.92MB
 7c4627a62657 Downloading [=>                                                 ]  42.17MB/1.424GB
 f08543b25448 Downloading [=========>                                         ]  18.38MB/97.92MB
 7c4627a62657 Downloading [=>                                                 ]  42.71MB/1.424GB
 f08543b25448 Downloading [=========>                                         ]  18.92MB/97.92MB
 f08543b25448 Downloading [=========>                                         ]  19.46MB/97.92MB
 4f8d4221abc8 Downloading [>                                                  ]   1.08MB/75.94MB
 7c4627a62657 Downloading [=>                                                 ]  43.25MB/1.424GB
 f08543b25448 Downloading [==========>                                        ]     20MB/97.92MB
 f08543b25448 Downloading [==========>                                        ]  20.54MB/97.92MB
 7c4627a62657 Downloading [=>                                                 ]  43.79MB/1.424GB
 f08543b25448 Downloading [==========>                                        ]  21.08MB/97.92MB
 4f8d4221abc8 Downloading [=>                                                 ]  1.621MB/75.94MB
 7c4627a62657 Downloading [=>                                                 ]  44.33MB/1.424GB
 f08543b25448 Downloading [===========>                                       ]  21.63MB/97.92MB
 4f8d4221abc8 Downloading [=>                                                 ]  2.161MB/75.94MB
 f08543b25448 Downloading [===========>                                       ]  22.17MB/97.92MB
 7c4627a62657 Downloading [=>                                                 ]  44.87MB/1.424GB
 4f8d4221abc8 Downloading [=>                                                 ]  2.702MB/75.94MB
 f08543b25448 Downloading [===========>                                       ]  22.71MB/97.92MB
 7c4627a62657 Downloading [=>                                                 ]  45.42MB/1.424GB
 4f8d4221abc8 Downloading [==>                                                ]  3.243MB/75.94MB
 f08543b25448 Downloading [===========>                                       ]  23.25MB/97.92MB
 7c4627a62657 Downloading [=>                                                 ]  45.96MB/1.424GB
 4f8d4221abc8 Downloading [==>                                                ]  3.783MB/75.94MB
 f08543b25448 Downloading [============>                                      ]  23.79MB/97.92MB
 7c4627a62657 Downloading [=>                                                 ]   46.5MB/1.424GB
 4f8d4221abc8 Downloading [==>                                                ]  4.324MB/75.94MB
 f08543b25448 Downloading [============>                                      ]  24.33MB/97.92MB
 7c4627a62657 Downloading [=>                                                 ]  47.04MB/1.424GB
 4f8d4221abc8 Downloading [===>                                               ]  4.865MB/75.94MB
 4f8d4221abc8 Downloading [===>                                               ]  5.405MB/75.94MB
 f08543b25448 Downloading [============>                                      ]  24.85MB/97.92MB
 7c4627a62657 Downloading [=>                                                 ]  47.58MB/1.424GB
 4f8d4221abc8 Downloading [===>                                               ]  5.946MB/75.94MB
 7c4627a62657 Downloading [=>                                                 ]  48.12MB/1.424GB
 f08543b25448 Downloading [============>                                      ]   25.4MB/97.92MB
 4f8d4221abc8 Downloading [====>                                              ]  6.487MB/75.94MB
 7c4627a62657 Downloading [=>                                                 ]  48.66MB/1.424GB
 4f8d4221abc8 Downloading [====>                                              ]  7.027MB/75.94MB
 f08543b25448 Downloading [=============>                                     ]  25.94MB/97.92MB
 7c4627a62657 Downloading [=>                                                 ]   49.2MB/1.424GB
 4f8d4221abc8 Downloading [====>                                              ]  7.568MB/75.94MB
 4f8d4221abc8 Downloading [=====>                                             ]  8.109MB/75.94MB
 7c4627a62657 Downloading [=>                                                 ]  49.74MB/1.424GB
 4f8d4221abc8 Downloading [=====>                                             ]  8.649MB/75.94MB
 f08543b25448 Downloading [=============>                                     ]  26.48MB/97.92MB
 7c4627a62657 Downloading [=>                                                 ]  50.28MB/1.424GB
 4f8d4221abc8 Downloading [======>                                            ]   9.19MB/75.94MB
 7c4627a62657 Downloading [=>                                                 ]  50.82MB/1.424GB
 f08543b25448 Downloading [=============>                                     ]  27.02MB/97.92MB
 4f8d4221abc8 Downloading [======>                                            ]  9.731MB/75.94MB
 7c4627a62657 Downloading [=>                                                 ]  51.36MB/1.424GB
 4f8d4221abc8 Downloading [======>                                            ]  10.27MB/75.94MB
 4f8d4221abc8 Downloading [=======>                                           ]   10.8MB/75.94MB
 7c4627a62657 Downloading [=>                                                 ]   51.9MB/1.424GB
 f08543b25448 Downloading [==============>                                    ]  27.56MB/97.92MB
 4f8d4221abc8 Downloading [=======>                                           ]  11.35MB/75.94MB
 7c4627a62657 Downloading [=>                                                 ]  52.44MB/1.424GB
 4f8d4221abc8 Downloading [=======>                                           ]  11.89MB/75.94MB
 f08543b25448 Downloading [==============>                                    ]   28.1MB/97.92MB
 4f8d4221abc8 Downloading [========>                                          ]  12.43MB/75.94MB
 7c4627a62657 Downloading [=>                                                 ]  52.98MB/1.424GB
 f08543b25448 Downloading [==============>                                    ]  28.64MB/97.92MB
 4f8d4221abc8 Downloading [========>                                          ]  12.97MB/75.94MB
 7c4627a62657 Downloading [=>                                                 ]  53.53MB/1.424GB
 4f8d4221abc8 Downloading [========>                                          ]  13.51MB/75.94MB
 f08543b25448 Downloading [==============>                                    ]  29.18MB/97.92MB
 7c4627a62657 Downloading [=>                                                 ]  54.07MB/1.424GB
 4f8d4221abc8 Downloading [=========>                                         ]  14.05MB/75.94MB
 f08543b25448 Downloading [===============>                                   ]  29.72MB/97.92MB
 7c4627a62657 Downloading [=>                                                 ]  54.61MB/1.424GB
 f08543b25448 Downloading [===============>                                   ]  30.26MB/97.92MB
 4f8d4221abc8 Downloading [=========>                                         ]  14.59MB/75.94MB
 7c4627a62657 Downloading [=>                                                 ]  55.15MB/1.424GB
 4f8d4221abc8 Downloading [=========>                                         ]  15.13MB/75.94MB
 f08543b25448 Downloading [===============>                                   ]   30.8MB/97.92MB
 4f8d4221abc8 Downloading [==========>                                        ]  15.67MB/75.94MB
 7c4627a62657 Downloading [=>                                                 ]  55.69MB/1.424GB
 f08543b25448 Downloading [================>                                  ]  31.34MB/97.92MB
 4f8d4221abc8 Downloading [==========>                                        ]  16.21MB/75.94MB
 7c4627a62657 Downloading [=>                                                 ]  56.23MB/1.424GB
 f08543b25448 Downloading [================>                                  ]  31.88MB/97.92MB
 4f8d4221abc8 Downloading [===========>                                       ]  16.75MB/75.94MB
 7c4627a62657 Downloading [=>                                                 ]  56.77MB/1.424GB
 f08543b25448 Downloading [================>                                  ]  32.42MB/97.92MB
 4f8d4221abc8 Downloading [===========>                                       ]  17.29MB/75.94MB
 4f8d4221abc8 Downloading [===========>                                       ]  17.83MB/75.94MB
 f08543b25448 Downloading [================>                                  ]  32.96MB/97.92MB
 7c4627a62657 Downloading [==>                                                ]  57.31MB/1.424GB
 4f8d4221abc8 Downloading [============>                                      ]  18.37MB/75.94MB
 f08543b25448 Downloading [=================>                                 ]   33.5MB/97.92MB
 4f8d4221abc8 Downloading [============>                                      ]  18.91MB/75.94MB
 7c4627a62657 Downloading [==>                                                ]  57.85MB/1.424GB
 f08543b25448 Downloading [=================>                                 ]  34.04MB/97.92MB
 4f8d4221abc8 Downloading [============>                                      ]  19.46MB/75.94MB
 4f8d4221abc8 Downloading [=============>                                     ]     20MB/75.94MB
 7c4627a62657 Downloading [==>                                                ]  58.39MB/1.424GB
 f08543b25448 Downloading [=================>                                 ]  34.59MB/97.92MB
 4f8d4221abc8 Downloading [=============>                                     ]  20.54MB/75.94MB
 f08543b25448 Downloading [=================>                                 ]  35.13MB/97.92MB
 7c4627a62657 Downloading [==>                                                ]  58.93MB/1.424GB
 4f8d4221abc8 Downloading [=============>                                     ]  21.08MB/75.94MB
 f08543b25448 Downloading [==================>                                ]  35.67MB/97.92MB
 7c4627a62657 Downloading [==>                                                ]  59.47MB/1.424GB
 f08543b25448 Downloading [==================>                                ]  36.21MB/97.92MB
 4f8d4221abc8 Downloading [==============>                                    ]  21.62MB/75.94MB
 7c4627a62657 Downloading [==>                                                ]  60.55MB/1.424GB
 f08543b25448 Downloading [==================>                                ]  36.75MB/97.92MB
 7c4627a62657 Downloading [==>                                                ]  61.09MB/1.424GB
 4f8d4221abc8 Downloading [==============>                                    ]  22.16MB/75.94MB
 f08543b25448 Downloading [===================>                               ]  37.29MB/97.92MB
 7c4627a62657 Downloading [==>                                                ]  61.64MB/1.424GB
 f08543b25448 Downloading [===================>                               ]  37.83MB/97.92MB
 7c4627a62657 Downloading [==>                                                ]  62.18MB/1.424GB
 4f8d4221abc8 Downloading [==============>                                    ]   22.7MB/75.94MB
 7c4627a62657 Downloading [==>                                                ]  62.72MB/1.424GB
 f08543b25448 Downloading [===================>                               ]  38.37MB/97.92MB
 7c4627a62657 Retrying in 5 seconds 
 7c4627a62657 Retrying in 4 seconds 
 4f8d4221abc8 Downloading [===============>                                   ]  23.24MB/75.94MB
 7c4627a62657 Retrying in 3 seconds 
 7c4627a62657 Retrying in 2 seconds 
 f08543b25448 Downloading [===================>                               ]  38.91MB/97.92MB
 7c4627a62657 Retrying in 1 second 
 4f8d4221abc8 Downloading [===============>                                   ]  23.78MB/75.94MB
 f08543b25448 Downloading [====================>                              ]  39.45MB/97.92MB
 4f8d4221abc8 Downloading [================>                                  ]  24.32MB/75.94MB
 f08543b25448 Downloading [====================>                              ]  39.99MB/97.92MB
 4f8d4221abc8 Downloading [================>                                  ]  24.86MB/75.94MB
 f08543b25448 Downloading [====================>                              ]  40.53MB/97.92MB
 4f8d4221abc8 Downloading [================>                                  ]   25.4MB/75.94MB
 f08543b25448 Downloading [====================>                              ]  41.07MB/97.92MB
 4f8d4221abc8 Downloading [=================>                                 ]  25.94MB/75.94MB
 f08543b25448 Downloading [=====================>                             ]  41.61MB/97.92MB
 4f8d4221abc8 Downloading [=================>                                 ]  26.48MB/75.94MB
 4f8d4221abc8 Downloading [=================>                                 ]  27.02MB/75.94MB
 f08543b25448 Downloading [=====================>                             ]  42.15MB/97.92MB
 4f8d4221abc8 Downloading [==================>                                ]  27.57MB/75.94MB
 f08543b25448 Downloading [=====================>                             ]   42.7MB/97.92MB
 4f8d4221abc8 Downloading [==================>                                ]  28.11MB/75.94MB
 f08543b25448 Downloading [======================>                            ]  43.23MB/97.92MB
 4f8d4221abc8 Downloading [==================>                                ]  28.65MB/75.94MB
 f08543b25448 Downloading [======================>                            ]  43.76MB/97.92MB
 7c4627a62657 Downloading [>                                                  ]  539.3kB/1.361GB
 f08543b25448 Downloading [======================>                            ]   44.3MB/97.92MB
 4f8d4221abc8 Downloading [===================>                               ]  29.19MB/75.94MB
 4f8d4221abc8 Downloading [===================>                               ]  29.73MB/75.94MB
 f08543b25448 Downloading [======================>                            ]  44.83MB/97.92MB
 4f8d4221abc8 Downloading [===================>                               ]  30.27MB/75.94MB
 7c4627a62657 Downloading [>                                                  ]   1.08MB/1.361GB
 f08543b25448 Downloading [=======================>                           ]  45.36MB/97.92MB
 4f8d4221abc8 Downloading [====================>                              ]  30.81MB/75.94MB
 f08543b25448 Downloading [=======================>                           ]   45.9MB/97.92MB
 4f8d4221abc8 Downloading [====================>                              ]  31.35MB/75.94MB
 7c4627a62657 Downloading [>                                                  ]  1.621MB/1.361GB
 f08543b25448 Downloading [=======================>                           ]  46.43MB/97.92MB
 4f8d4221abc8 Downloading [====================>                              ]  31.89MB/75.94MB
 4f8d4221abc8 Downloading [=====================>                             ]  32.43MB/75.94MB
 7c4627a62657 Downloading [>                                                  ]  2.161MB/1.361GB
 f08543b25448 Downloading [=======================>                           ]  46.97MB/97.92MB
 7c4627a62657 Downloading [>                                                  ]  2.702MB/1.361GB
 4f8d4221abc8 Downloading [=====================>                             ]  32.97MB/75.94MB
 f08543b25448 Downloading [========================>                          ]   47.5MB/97.92MB
 4f8d4221abc8 Downloading [======================>                            ]   33.5MB/75.94MB
 7c4627a62657 Downloading [>                                                  ]  3.243MB/1.361GB
 f08543b25448 Downloading [========================>                          ]  48.04MB/97.92MB
 4f8d4221abc8 Downloading [======================>                            ]  34.04MB/75.94MB
 7c4627a62657 Downloading [>                                                  ]  3.783MB/1.361GB
 f08543b25448 Downloading [========================>                          ]  48.58MB/97.92MB
 f08543b25448 Downloading [=========================>                         ]  49.12MB/97.92MB
 4f8d4221abc8 Downloading [======================>                            ]  34.58MB/75.94MB
 7c4627a62657 Downloading [>                                                  ]  4.324MB/1.361GB
 f08543b25448 Downloading [=========================>                         ]  49.65MB/97.92MB
 4f8d4221abc8 Downloading [=======================>                           ]  35.12MB/75.94MB
 7c4627a62657 Downloading [>                                                  ]  4.865MB/1.361GB
 f08543b25448 Downloading [=========================>                         ]  50.19MB/97.92MB
 f08543b25448 Downloading [=========================>                         ]  50.72MB/97.92MB
 7c4627a62657 Downloading [>                                                  ]  5.405MB/1.361GB
 4f8d4221abc8 Downloading [=======================>                           ]  35.66MB/75.94MB
 7c4627a62657 Downloading [>                                                  ]  5.946MB/1.361GB
 f08543b25448 Downloading [==========================>                        ]  51.26MB/97.92MB
 4f8d4221abc8 Downloading [=======================>                           ]   36.2MB/75.94MB
 7c4627a62657 Downloading [>                                                  ]  6.487MB/1.361GB
 f08543b25448 Downloading [==========================>                        ]  51.79MB/97.92MB
 4f8d4221abc8 Downloading [========================>                          ]  36.74MB/75.94MB
 f08543b25448 Downloading [==========================>                        ]  52.33MB/97.92MB
 7c4627a62657 Downloading [>                                                  ]  7.027MB/1.361GB
 f08543b25448 Downloading [==========================>                        ]  52.87MB/97.92MB
 4f8d4221abc8 Downloading [========================>                          ]  37.28MB/75.94MB
 f08543b25448 Downloading [===========================>                       ]  53.41MB/97.92MB
 7c4627a62657 Downloading [>                                                  ]  7.568MB/1.361GB
 f08543b25448 Downloading [===========================>                       ]  53.95MB/97.92MB
 4f8d4221abc8 Downloading [========================>                          ]  37.82MB/75.94MB
 f08543b25448 Downloading [===========================>                       ]  54.48MB/97.92MB
 7c4627a62657 Downloading [>                                                  ]  8.109MB/1.361GB
 f08543b25448 Downloading [============================>                      ]  55.02MB/97.92MB
 7c4627a62657 Downloading [>                                                  ]  8.649MB/1.361GB
 4f8d4221abc8 Downloading [=========================>                         ]  38.36MB/75.94MB
 7c4627a62657 Downloading [>                                                  ]   9.19MB/1.361GB
 f08543b25448 Downloading [============================>                      ]  55.56MB/97.92MB
 7c4627a62657 Downloading [>                                                  ]  9.731MB/1.361GB
 7c4627a62657 Downloading [>                                                  ]  10.27MB/1.361GB
 f08543b25448 Downloading [============================>                      ]   56.1MB/97.92MB
 4f8d4221abc8 Downloading [=========================>                         ]   38.9MB/75.94MB
 7c4627a62657 Downloading [>                                                  ]  10.81MB/1.361GB
 7c4627a62657 Downloading [>                                                  ]  11.35MB/1.361GB
 7c4627a62657 Downloading [>                                                  ]  11.89MB/1.361GB
 7c4627a62657 Downloading [>                                                  ]  12.43MB/1.361GB
 f08543b25448 Downloading [============================>                      ]  56.64MB/97.92MB
 7c4627a62657 Downloading [>                                                  ]  12.97MB/1.361GB
 7c4627a62657 Downloading [>                                                  ]  13.52MB/1.361GB
 7c4627a62657 Downloading [>                                                  ]  14.06MB/1.361GB
 4f8d4221abc8 Downloading [=========================>                         ]  39.45MB/75.94MB
 7c4627a62657 Downloading [>                                                  ]   14.6MB/1.361GB
 f08543b25448 Downloading [=============================>                     ]  57.18MB/97.92MB
 7c4627a62657 Downloading [>                                                  ]  15.14MB/1.361GB
 7c4627a62657 Downloading [>                                                  ]  15.68MB/1.361GB
 7c4627a62657 Downloading [>                                                  ]  16.21MB/1.361GB
 7c4627a62657 Downloading [>                                                  ]  16.75MB/1.361GB
 7c4627a62657 Downloading [>                                                  ]  17.29MB/1.361GB
 4f8d4221abc8 Downloading [==========================>                        ]  39.99MB/75.94MB
 f08543b25448 Downloading [=============================>                     ]  57.72MB/97.92MB
 7c4627a62657 Downloading [>                                                  ]  17.83MB/1.361GB
 7c4627a62657 Downloading [>                                                  ]  18.37MB/1.361GB
 4f8d4221abc8 Downloading [==========================>                        ]  40.53MB/75.94MB
 f08543b25448 Downloading [=============================>                     ]  58.26MB/97.92MB
 7c4627a62657 Downloading [>                                                  ]  18.91MB/1.361GB
 7c4627a62657 Downloading [>                                                  ]  19.46MB/1.361GB
 7c4627a62657 Downloading [>                                                  ]     20MB/1.361GB
 4f8d4221abc8 Downloading [===========================>                       ]  41.07MB/75.94MB
 f08543b25448 Downloading [==============================>                    ]   58.8MB/97.92MB
 7c4627a62657 Downloading [>                                                  ]  20.54MB/1.361GB
 f08543b25448 Downloading [==============================>                    ]  59.34MB/97.92MB
 7c4627a62657 Downloading [>                                                  ]  21.08MB/1.361GB
 4f8d4221abc8 Downloading [===========================>                       ]  41.61MB/75.94MB
 7c4627a62657 Downloading [>                                                  ]  21.62MB/1.361GB
 f08543b25448 Downloading [==============================>                    ]  59.88MB/97.92MB
 7c4627a62657 Downloading [>                                                  ]  22.16MB/1.361GB
 4f8d4221abc8 Downloading [===========================>                       ]  42.15MB/75.94MB
 f08543b25448 Downloading [==============================>                    ]  60.42MB/97.92MB
 7c4627a62657 Downloading [>                                                  ]   22.7MB/1.361GB
 f08543b25448 Downloading [===============================>                   ]  60.96MB/97.92MB
 4f8d4221abc8 Downloading [============================>                      ]  42.69MB/75.94MB
 7c4627a62657 Downloading [>                                                  ]  23.24MB/1.361GB
 7c4627a62657 Downloading [>                                                  ]  23.78MB/1.361GB
 f08543b25448 Downloading [===============================>                   ]   61.5MB/97.92MB
 4f8d4221abc8 Downloading [============================>                      ]  43.23MB/75.94MB
 4f8d4221abc8 Downloading [============================>                      ]  43.77MB/75.94MB
 7c4627a62657 Downloading [>                                                  ]  24.32MB/1.361GB
 f08543b25448 Downloading [===============================>                   ]  62.04MB/97.92MB
 4f8d4221abc8 Downloading [=============================>                     ]  44.31MB/75.94MB
 7c4627a62657 Downloading [>                                                  ]  24.86MB/1.361GB
 4f8d4221abc8 Downloading [=============================>                     ]  44.85MB/75.94MB
 f08543b25448 Downloading [===============================>                   ]  62.59MB/97.92MB
 4f8d4221abc8 Downloading [=============================>                     ]  45.39MB/75.94MB
 7c4627a62657 Downloading [>                                                  ]   25.4MB/1.361GB
 4f8d4221abc8 Downloading [==============================>                    ]  45.93MB/75.94MB
 f08543b25448 Downloading [================================>                  ]  63.13MB/97.92MB
 4f8d4221abc8 Downloading [==============================>                    ]  46.47MB/75.94MB
 7c4627a62657 Downloading [>                                                  ]  25.94MB/1.361GB
 4f8d4221abc8 Downloading [==============================>                    ]     47MB/75.94MB
 4f8d4221abc8 Downloading [===============================>                   ]  47.55MB/75.94MB
 7c4627a62657 Downloading [>                                                  ]  26.48MB/1.361GB
 4f8d4221abc8 Downloading [===============================>                   ]  48.09MB/75.94MB
 f08543b25448 Downloading [================================>                  ]  63.67MB/97.92MB
 4f8d4221abc8 Downloading [================================>                  ]  48.63MB/75.94MB
 4f8d4221abc8 Downloading [================================>                  ]  49.17MB/75.94MB
 f08543b25448 Downloading [================================>                  ]  64.21MB/97.92MB
 7c4627a62657 Downloading [>                                                  ]  27.02MB/1.361GB
 4f8d4221abc8 Downloading [================================>                  ]  49.71MB/75.94MB
 4f8d4221abc8 Downloading [=================================>                 ]  50.25MB/75.94MB
 7c4627a62657 Downloading [=>                                                 ]  27.57MB/1.361GB
 4f8d4221abc8 Downloading [=================================>                 ]  50.79MB/75.94MB
 f08543b25448 Downloading [=================================>                 ]  64.75MB/97.92MB
 4f8d4221abc8 Downloading [=================================>                 ]  51.33MB/75.94MB
 7c4627a62657 Downloading [=>                                                 ]  28.11MB/1.361GB
 f08543b25448 Downloading [=================================>                 ]  65.29MB/97.92MB
 4f8d4221abc8 Downloading [==================================>                ]  51.87MB/75.94MB
 f08543b25448 Downloading [=================================>                 ]  65.83MB/97.92MB
 4f8d4221abc8 Downloading [==================================>                ]  52.41MB/75.94MB
 4f8d4221abc8 Downloading [==================================================>]  75.94MB/75.94MB
 4f8d4221abc8 Retrying in 5 seconds 
 7c4627a62657 Downloading [=>                                                 ]  28.65MB/1.361GB
 4f8d4221abc8 Retrying in 4 seconds 
 4f8d4221abc8 Retrying in 3 seconds 
 f08543b25448 Downloading [=================================>                 ]  66.37MB/97.92MB
 4f8d4221abc8 Retrying in 2 seconds 
 4f8d4221abc8 Retrying in 1 second 
 7c4627a62657 Downloading [=>                                                 ]  29.19MB/1.361GB
 f08543b25448 Downloading [==================================>                ]  66.91MB/97.92MB
 f08543b25448 Downloading [==================================>                ]  67.45MB/97.92MB
 7c4627a62657 Downloading [=>                                                 ]  29.73MB/1.361GB
 f08543b25448 Downloading [==================================>                ]  67.99MB/97.92MB
 7c4627a62657 Downloading [=>                                                 ]  30.27MB/1.361GB
 f08543b25448 Downloading [==================================>                ]  68.53MB/97.92MB
 7c4627a62657 Downloading [=>                                                 ]  30.81MB/1.361GB
 f08543b25448 Downloading [===================================>               ]  69.07MB/97.92MB
 7c4627a62657 Downloading [=>                                                 ]  31.35MB/1.361GB
 f08543b25448 Downloading [===================================>               ]  69.61MB/97.92MB
 7c4627a62657 Downloading [=>                                                 ]  31.89MB/1.361GB
 f08543b25448 Downloading [===================================>               ]  70.15MB/97.92MB
 f08543b25448 Downloading [====================================>              ]   70.7MB/97.92MB
 7c4627a62657 Downloading [=>                                                 ]  32.43MB/1.361GB
 f08543b25448 Downloading [====================================>              ]  71.24MB/97.92MB
 4f8d4221abc8 Downloading [>                                                  ]  244.4kB/23.51MB
 f08543b25448 Downloading [====================================>              ]  71.78MB/97.92MB
 7c4627a62657 Downloading [=>                                                 ]  32.97MB/1.361GB
 f08543b25448 Downloading [====================================>              ]  72.32MB/97.92MB
 f08543b25448 Downloading [=====================================>             ]  72.86MB/97.92MB
 4f8d4221abc8 Downloading [=>                                                 ]  490.2kB/23.51MB
 7c4627a62657 Downloading [=>                                                 ]  33.51MB/1.361GB
 f08543b25448 Downloading [=====================================>             ]   73.4MB/97.92MB
 f08543b25448 Downloading [==================================================>]  97.92MB/97.92MB
 f08543b25448 Retrying in 5 seconds 
 f08543b25448 Retrying in 4 seconds 
 4f8d4221abc8 Downloading [=>                                                 ]    736kB/23.51MB
 f08543b25448 Retrying in 3 seconds 
 7c4627a62657 Downloading [=>                                                 ]  34.05MB/1.361GB
 f08543b25448 Retrying in 2 seconds 
 4f8d4221abc8 Downloading [==>                                                ]  981.7kB/23.51MB
 f08543b25448 Retrying in 1 second 
 7c4627a62657 Downloading [=>                                                 ]  34.59MB/1.361GB
 4f8d4221abc8 Downloading [==>                                                ]  1.227MB/23.51MB
 7c4627a62657 Downloading [=>                                                 ]  35.13MB/1.361GB
 4f8d4221abc8 Downloading [===>                                               ]  1.473MB/23.51MB
 4f8d4221abc8 Downloading [===>                                               ]  1.719MB/23.51MB
 7c4627a62657 Downloading [=>                                                 ]  35.68MB/1.361GB
 4f8d4221abc8 Downloading [====>                                              ]  1.965MB/23.51MB
 4f8d4221abc8 Downloading [====>                                              ]  2.211MB/23.51MB
 7c4627a62657 Downloading [=>                                                 ]  36.22MB/1.361GB
 4f8d4221abc8 Downloading [=====>                                             ]  2.456MB/23.51MB
 f08543b25448 Downloading [>                                                  ]  260.8kB/24.52MB
 7c4627a62657 Downloading [=>                                                 ]  36.76MB/1.361GB
 4f8d4221abc8 Downloading [=====>                                             ]  2.702MB/23.51MB
 f08543b25448 Downloading [=>                                                 ]  506.6kB/24.52MB
 4f8d4221abc8 Downloading [======>                                            ]  2.948MB/23.51MB
 7c4627a62657 Downloading [=>                                                 ]   37.3MB/1.361GB
 f08543b25448 Downloading [=>                                                 ]  752.3kB/24.52MB
 4f8d4221abc8 Downloading [======>                                            ]  3.194MB/23.51MB
 f08543b25448 Downloading [==>                                                ]  998.1kB/24.52MB
 4f8d4221abc8 Downloading [=======>                                           ]  3.439MB/23.51MB
 f08543b25448 Downloading [==>                                                ]  1.244MB/24.52MB
 4f8d4221abc8 Downloading [=======>                                           ]  3.685MB/23.51MB
 7c4627a62657 Downloading [=>                                                 ]  37.84MB/1.361GB
 f08543b25448 Downloading [===>                                               ]   1.49MB/24.52MB
 4f8d4221abc8 Downloading [========>                                          ]  3.931MB/23.51MB
 4f8d4221abc8 Downloading [========>                                          ]  4.177MB/23.51MB
 f08543b25448 Downloading [===>                                               ]  1.735MB/24.52MB
 f08543b25448 Downloading [====>                                              ]  1.981MB/24.52MB
 4f8d4221abc8 Downloading [=========>                                         ]  4.422MB/23.51MB
 f08543b25448 Downloading [====>                                              ]  2.227MB/24.52MB
 7c4627a62657 Downloading [=>                                                 ]  38.38MB/1.361GB
 4f8d4221abc8 Downloading [==========>                                        ]  4.914MB/23.51MB
 f08543b25448 Downloading [=====>                                             ]  2.473MB/24.52MB
 4f8d4221abc8 Downloading [==========>                                        ]   5.16MB/23.51MB
 f08543b25448 Downloading [=====>                                             ]  2.718MB/24.52MB
 4f8d4221abc8 Downloading [===========>                                       ]  5.405MB/23.51MB
 f08543b25448 Downloading [======>                                            ]  2.964MB/24.52MB
 4f8d4221abc8 Downloading [============>                                      ]  5.651MB/23.51MB
 f08543b25448 Downloading [======>                                            ]   3.21MB/24.52MB
 4f8d4221abc8 Downloading [============>                                      ]  5.897MB/23.51MB
 f08543b25448 Downloading [=======>                                           ]  3.456MB/24.52MB
 4f8d4221abc8 Downloading [=============>                                     ]  6.143MB/23.51MB
 7c4627a62657 Downloading [=>                                                 ]  38.92MB/1.361GB
 f08543b25448 Downloading [=======>                                           ]  3.701MB/24.52MB
 4f8d4221abc8 Downloading [=============>                                     ]  6.388MB/23.51MB
 f08543b25448 Downloading [========>                                          ]  3.947MB/24.52MB
 4f8d4221abc8 Downloading [==============>                                    ]  6.634MB/23.51MB
 f08543b25448 Downloading [========>                                          ]  4.193MB/24.52MB
 4f8d4221abc8 Downloading [==============>                                    ]   6.88MB/23.51MB
 f08543b25448 Downloading [=========>                                         ]  4.439MB/24.52MB
 4f8d4221abc8 Downloading [===============>                                   ]  7.126MB/23.51MB
 7c4627a62657 Downloading [=>                                                 ]  39.46MB/1.361GB
 f08543b25448 Downloading [=========>                                         ]  4.684MB/24.52MB
 4f8d4221abc8 Downloading [===============>                                   ]  7.371MB/23.51MB
 f08543b25448 Downloading [==========>                                        ]   4.93MB/24.52MB
 4f8d4221abc8 Downloading [================>                                  ]  7.617MB/23.51MB
 f08543b25448 Downloading [==========>                                        ]  5.176MB/24.52MB
 4f8d4221abc8 Downloading [================>                                  ]  7.863MB/23.51MB
 f08543b25448 Downloading [===========>                                       ]  5.422MB/24.52MB
 4f8d4221abc8 Downloading [=================>                                 ]  8.109MB/23.51MB
 7c4627a62657 Downloading [=>                                                 ]     40MB/1.361GB
 f08543b25448 Downloading [===========>                                       ]  5.668MB/24.52MB
 4f8d4221abc8 Downloading [=================>                                 ]  8.355MB/23.51MB
 f08543b25448 Downloading [============>                                      ]  5.913MB/24.52MB
 4f8d4221abc8 Downloading [==================>                                ]    8.6MB/23.51MB
 7c4627a62657 Downloading [=>                                                 ]  40.54MB/1.361GB
 4f8d4221abc8 Downloading [==================>                                ]  8.846MB/23.51MB
 7c4627a62657 Downloading [=>                                                 ]  41.08MB/1.361GB
 f08543b25448 Downloading [=============>                                     ]  6.405MB/24.52MB
 4f8d4221abc8 Downloading [===================>                               ]  9.092MB/23.51MB
 f08543b25448 Downloading [=============>                                     ]  6.651MB/24.52MB
 4f8d4221abc8 Downloading [===================>                               ]  9.338MB/23.51MB
 f08543b25448 Downloading [==============>                                    ]  6.896MB/24.52MB
 7c4627a62657 Downloading [=>                                                 ]  41.62MB/1.361GB
 f08543b25448 Downloading [==============>                                    ]  7.142MB/24.52MB
 4f8d4221abc8 Downloading [====================>                              ]  9.583MB/23.51MB
 f08543b25448 Downloading [===============>                                   ]  7.388MB/24.52MB
 4f8d4221abc8 Downloading [====================>                              ]  9.829MB/23.51MB
 f08543b25448 Downloading [===============>                                   ]  7.634MB/24.52MB
 4f8d4221abc8 Downloading [=====================>                             ]  10.07MB/23.51MB
 7c4627a62657 Downloading [=>                                                 ]  42.16MB/1.361GB
 f08543b25448 Downloading [================>                                  ]  7.879MB/24.52MB
 4f8d4221abc8 Downloading [=====================>                             ]  10.32MB/23.51MB
 f08543b25448 Downloading [================>                                  ]  8.125MB/24.52MB
 4f8d4221abc8 Downloading [======================>                            ]  10.57MB/23.51MB
 f08543b25448 Downloading [=================>                                 ]  8.371MB/24.52MB
 7c4627a62657 Downloading [=>                                                 ]   42.7MB/1.361GB
 4f8d4221abc8 Downloading [======================>                            ]  10.81MB/23.51MB
 f08543b25448 Downloading [=================>                                 ]  8.617MB/24.52MB
 4f8d4221abc8 Downloading [=======================>                           ]  11.06MB/23.51MB
 f08543b25448 Downloading [==================>                                ]  8.862MB/24.52MB
 4f8d4221abc8 Downloading [========================>                          ]   11.3MB/23.51MB
 f08543b25448 Downloading [==================>                                ]  9.108MB/24.52MB
 7c4627a62657 Downloading [=>                                                 ]  43.24MB/1.361GB
 f08543b25448 Downloading [===================>                               ]  9.354MB/24.52MB
 4f8d4221abc8 Downloading [========================>                          ]  11.55MB/23.51MB
 f08543b25448 Downloading [===================>                               ]    9.6MB/24.52MB
 4f8d4221abc8 Downloading [=========================>                         ]   11.8MB/23.51MB
 7c4627a62657 Downloading [=>                                                 ]  43.79MB/1.361GB
 f08543b25448 Downloading [====================>                              ]  9.845MB/24.52MB
 4f8d4221abc8 Downloading [=========================>                         ]  12.04MB/23.51MB
 f08543b25448 Downloading [====================>                              ]  10.09MB/24.52MB
 4f8d4221abc8 Downloading [==========================>                        ]  12.29MB/23.51MB
 f08543b25448 Downloading [=====================>                             ]  10.34MB/24.52MB
 4f8d4221abc8 Downloading [==========================>                        ]  12.53MB/23.51MB
 7c4627a62657 Downloading [=>                                                 ]  44.33MB/1.361GB
 f08543b25448 Downloading [=====================>                             ]  10.58MB/24.52MB
 4f8d4221abc8 Downloading [===========================>                       ]  12.78MB/23.51MB
 f08543b25448 Downloading [======================>                            ]  10.83MB/24.52MB
 4f8d4221abc8 Downloading [===========================>                       ]  13.02MB/23.51MB
 f08543b25448 Downloading [======================>                            ]  11.07MB/24.52MB
 4f8d4221abc8 Downloading [============================>                      ]  13.27MB/23.51MB
 7c4627a62657 Downloading [=>                                                 ]  44.87MB/1.361GB
 f08543b25448 Downloading [=======================>                           ]  11.32MB/24.52MB
 4f8d4221abc8 Downloading [============================>                      ]  13.52MB/23.51MB
 f08543b25448 Downloading [=======================>                           ]  11.57MB/24.52MB
 4f8d4221abc8 Downloading [=============================>                     ]  13.76MB/23.51MB
 f08543b25448 Downloading [========================>                          ]  11.81MB/24.52MB
 7c4627a62657 Downloading [=>                                                 ]  45.41MB/1.361GB
 4f8d4221abc8 Downloading [=============================>                     ]  14.01MB/23.51MB
 f08543b25448 Downloading [========================>                          ]  12.06MB/24.52MB
 4f8d4221abc8 Downloading [==============================>                    ]  14.25MB/23.51MB
 f08543b25448 Downloading [=========================>                         ]   12.3MB/24.52MB
 f08543b25448 Downloading [=========================>                         ]  12.55MB/24.52MB
 4f8d4221abc8 Downloading [==============================>                    ]   14.5MB/23.51MB
 7c4627a62657 Downloading [=>                                                 ]  45.95MB/1.361GB
 f08543b25448 Downloading [==========================>                        ]  12.79MB/24.52MB
 4f8d4221abc8 Downloading [===============================>                   ]  14.74MB/23.51MB
 f08543b25448 Downloading [==========================>                        ]  13.04MB/24.52MB
 4f8d4221abc8 Downloading [===============================>                   ]  14.99MB/23.51MB
 7c4627a62657 Downloading [=>                                                 ]  46.49MB/1.361GB
 f08543b25448 Downloading [===========================>                       ]  13.53MB/24.52MB
 7c4627a62657 Downloading [=>                                                 ]  47.03MB/1.361GB
 4f8d4221abc8 Downloading [================================>                  ]  15.48MB/23.51MB
 f08543b25448 Downloading [============================>                      ]  13.78MB/24.52MB
 f08543b25448 Downloading [============================>                      ]  14.02MB/24.52MB
 4f8d4221abc8 Downloading [=================================>                 ]  15.73MB/23.51MB
 f08543b25448 Downloading [=============================>                     ]  14.27MB/24.52MB
 7c4627a62657 Downloading [=>                                                 ]  47.57MB/1.361GB
 4f8d4221abc8 Downloading [=================================>                 ]  15.97MB/23.51MB
 f08543b25448 Downloading [=============================>                     ]  14.51MB/24.52MB
 f08543b25448 Downloading [==============================>                    ]  14.76MB/24.52MB
 7c4627a62657 Downloading [=>                                                 ]  48.11MB/1.361GB
 4f8d4221abc8 Downloading [==================================>                ]  16.22MB/23.51MB
 f08543b25448 Downloading [==============================>                    ]  15.01MB/24.52MB
 f08543b25448 Downloading [===============================>                   ]  15.25MB/24.52MB
 4f8d4221abc8 Downloading [===================================>               ]  16.46MB/23.51MB
 f08543b25448 Downloading [===============================>                   ]   15.5MB/24.52MB
 7c4627a62657 Downloading [=>                                                 ]  48.65MB/1.361GB
 f08543b25448 Downloading [================================>                  ]  15.74MB/24.52MB
 4f8d4221abc8 Downloading [===================================>               ]  16.71MB/23.51MB
 f08543b25448 Downloading [================================>                  ]  15.99MB/24.52MB
 7c4627a62657 Downloading [=>                                                 ]  49.19MB/1.361GB
 4f8d4221abc8 Downloading [====================================>              ]  16.96MB/23.51MB
 f08543b25448 Downloading [=================================>                 ]  16.24MB/24.52MB
 f08543b25448 Downloading [=================================>                 ]  16.48MB/24.52MB
 f08543b25448 Downloading [==================================>                ]  16.73MB/24.52MB
 4f8d4221abc8 Downloading [====================================>              ]   17.2MB/23.51MB
 7c4627a62657 Downloading [=>                                                 ]  49.73MB/1.361GB
 f08543b25448 Downloading [==================================>                ]  16.97MB/24.52MB
 4f8d4221abc8 Downloading [=====================================>             ]  17.69MB/23.51MB
 f08543b25448 Downloading [===================================>               ]  17.22MB/24.52MB
 4f8d4221abc8 Downloading [======================================>            ]  17.94MB/23.51MB
 7c4627a62657 Downloading [=>                                                 ]  50.27MB/1.361GB
 f08543b25448 Downloading [===================================>               ]  17.46MB/24.52MB
 4f8d4221abc8 Downloading [======================================>            ]  18.18MB/23.51MB
 f08543b25448 Downloading [====================================>              ]  17.71MB/24.52MB
 4f8d4221abc8 Downloading [=======================================>           ]  18.43MB/23.51MB
 f08543b25448 Downloading [====================================>              ]  17.96MB/24.52MB
 4f8d4221abc8 Downloading [=======================================>           ]  18.68MB/23.51MB
 7c4627a62657 Downloading [=>                                                 ]  50.81MB/1.361GB
 4f8d4221abc8 Downloading [========================================>          ]  18.92MB/23.51MB
 f08543b25448 Downloading [=====================================>             ]   18.2MB/24.52MB
 f08543b25448 Downloading [=====================================>             ]  18.45MB/24.52MB
 4f8d4221abc8 Downloading [========================================>          ]  19.17MB/23.51MB
 f08543b25448 Downloading [======================================>            ]  18.69MB/24.52MB
 4f8d4221abc8 Downloading [=========================================>         ]  19.66MB/23.51MB
 7c4627a62657 Downloading [=>                                                 ]  51.36MB/1.361GB
 f08543b25448 Downloading [======================================>            ]  18.94MB/24.52MB
 f08543b25448 Downloading [=======================================>           ]  19.18MB/24.52MB
 4f8d4221abc8 Downloading [==========================================>        ]  19.91MB/23.51MB
 f08543b25448 Downloading [=======================================>           ]  19.43MB/24.52MB
 4f8d4221abc8 Downloading [==========================================>        ]  20.15MB/23.51MB
 7c4627a62657 Downloading [=>                                                 ]   51.9MB/1.361GB
 f08543b25448 Downloading [========================================>          ]  19.68MB/24.52MB
 4f8d4221abc8 Downloading [===========================================>       ]   20.4MB/23.51MB
 f08543b25448 Downloading [========================================>          ]  19.92MB/24.52MB
 4f8d4221abc8 Downloading [===========================================>       ]  20.64MB/23.51MB
 4f8d4221abc8 Downloading [============================================>      ]  20.89MB/23.51MB
 f08543b25448 Downloading [=========================================>         ]  20.17MB/24.52MB
 7c4627a62657 Downloading [=>                                                 ]  52.44MB/1.361GB
 4f8d4221abc8 Downloading [============================================>      ]  21.13MB/23.51MB
 f08543b25448 Downloading [=========================================>         ]  20.41MB/24.52MB
 4f8d4221abc8 Downloading [=============================================>     ]  21.38MB/23.51MB
 f08543b25448 Downloading [==========================================>        ]  20.66MB/24.52MB
 4f8d4221abc8 Downloading [=============================================>     ]  21.63MB/23.51MB
 f08543b25448 Downloading [==========================================>        ]   20.9MB/24.52MB
 4f8d4221abc8 Downloading [==============================================>    ]  21.87MB/23.51MB
 f08543b25448 Downloading [===========================================>       ]  21.15MB/24.52MB
 7c4627a62657 Downloading [=>                                                 ]  52.98MB/1.361GB
 4f8d4221abc8 Downloading [===============================================>   ]  22.12MB/23.51MB
 f08543b25448 Downloading [===========================================>       ]   21.4MB/24.52MB
 4f8d4221abc8 Downloading [===============================================>   ]  22.36MB/23.51MB
 f08543b25448 Downloading [============================================>      ]  21.64MB/24.52MB
 4f8d4221abc8 Downloading [================================================>  ]  22.61MB/23.51MB
 f08543b25448 Downloading [============================================>      ]  21.89MB/24.52MB
 7c4627a62657 Downloading [=>                                                 ]  53.52MB/1.361GB
 f08543b25448 Downloading [=============================================>     ]  22.13MB/24.52MB
 4f8d4221abc8 Downloading [================================================>  ]  22.85MB/23.51MB
 4f8d4221abc8 Downloading [=================================================> ]   23.1MB/23.51MB
 f08543b25448 Downloading [=============================================>     ]  22.38MB/24.52MB
 f08543b25448 Downloading [==============================================>    ]  22.63MB/24.52MB
 4f8d4221abc8 Downloading [=================================================> ]  23.35MB/23.51MB
 7c4627a62657 Downloading [=>                                                 ]  54.06MB/1.361GB
 f08543b25448 Downloading [==============================================>    ]  22.87MB/24.52MB
 4f8d4221abc8 Verifying Checksum 
 4f8d4221abc8 Download complete 
 f08543b25448 Downloading [===============================================>   ]  23.12MB/24.52MB
 f08543b25448 Downloading [===============================================>   ]  23.38MB/24.52MB
 f08543b25448 Downloading [================================================>  ]  23.62MB/24.52MB
 7c4627a62657 Downloading [==>                                                ]   54.6MB/1.361GB
 f08543b25448 Downloading [================================================>  ]  23.87MB/24.52MB
 f08543b25448 Downloading [=================================================> ]  24.11MB/24.52MB
 f08543b25448 Downloading [=================================================> ]  24.36MB/24.52MB
 f08543b25448 Verifying Checksum 
 f08543b25448 Download complete 
 7c4627a62657 Downloading [==>                                                ]  55.14MB/1.361GB
 7c4627a62657 Downloading [==>                                                ]  55.68MB/1.361GB
 7c4627a62657 Downloading [==>                                                ]  56.22MB/1.361GB
 7c4627a62657 Downloading [==>                                                ]  56.76MB/1.361GB
 4f4fb700ef54 Downloading [==================================================>]      32B/32B
 4f4fb700ef54 Verifying Checksum 
 4f4fb700ef54 Download complete 
 7c4627a62657 Downloading [==>                                                ]   57.3MB/1.361GB
 7c4627a62657 Downloading [==>                                                ]  57.84MB/1.361GB
 7c4627a62657 Downloading [==>                                                ]  58.38MB/1.361GB
 7c4627a62657 Downloading [==>                                                ]  58.92MB/1.361GB
 7c4627a62657 Downloading [==>                                                ]  59.47MB/1.361GB
 7c4627a62657 Downloading [==>                                                ]  60.01MB/1.361GB
 7c4627a62657 Downloading [==>                                                ]  60.55MB/1.361GB
 9b4e5bd96fc6 Downloading [>                                                  ]  49.15kB/3.709MB
 7c4627a62657 Downloading [==>                                                ]  61.09MB/1.361GB
 9b4e5bd96fc6 Downloading [=>                                                 ]   98.3kB/3.709MB
 7c4627a62657 Downloading [==>                                                ]  61.63MB/1.361GB
 9b4e5bd96fc6 Downloading [=>                                                 ]  146.1kB/3.709MB
 a71fb70c33c2 Downloading [>                                                  ]  539.3kB/69.21MB
 9b4e5bd96fc6 Downloading [==>                                                ]  195.3kB/3.709MB
 7c4627a62657 Downloading [==>                                                ]  62.17MB/1.361GB
 9b4e5bd96fc6 Downloading [===>                                               ]  244.4kB/3.709MB
 9b4e5bd96fc6 Downloading [===>                                               ]  293.6kB/3.709MB
 7c4627a62657 Downloading [==>                                                ]  62.71MB/1.361GB
 9b4e5bd96fc6 Downloading [====>                                              ]  342.7kB/3.709MB
 9b4e5bd96fc6 Downloading [=====>                                             ]  391.9kB/3.709MB
 9b4e5bd96fc6 Downloading [=====>                                             ]  441.1kB/3.709MB
 7c4627a62657 Downloading [==>                                                ]  63.24MB/1.361GB
 9b4e5bd96fc6 Downloading [=======>                                           ]  539.4kB/3.709MB
 7c4627a62657 Downloading [==>                                                ]  63.78MB/1.361GB
 9b4e5bd96fc6 Downloading [=======>                                           ]  588.5kB/3.709MB
 9b4e5bd96fc6 Downloading [========>                                          ]  637.7kB/3.709MB
 9b4e5bd96fc6 Downloading [=========>                                         ]  686.8kB/3.709MB
 9b4e5bd96fc6 Downloading [=========>                                         ]    736kB/3.709MB
 7c4627a62657 Downloading [==>                                                ]  64.32MB/1.361GB
 9b4e5bd96fc6 Downloading [==========>                                        ]  785.1kB/3.709MB
 9b4e5bd96fc6 Downloading [===========>                                       ]  834.3kB/3.709MB
 7c4627a62657 Downloading [==>                                                ]  64.86MB/1.361GB
 9b4e5bd96fc6 Downloading [===========>                                       ]  883.4kB/3.709MB
 9b4e5bd96fc6 Downloading [=============>                                     ]  1.026MB/3.709MB
 7c4627a62657 Downloading [==>                                                ]   65.4MB/1.361GB
 9b4e5bd96fc6 Downloading [===============>                                   ]  1.124MB/3.709MB
 9b4e5bd96fc6 Downloading [===============>                                   ]  1.173MB/3.709MB
 9b4e5bd96fc6 Downloading [================>                                  ]  1.222MB/3.709MB
 7c4627a62657 Downloading [==>                                                ]  65.94MB/1.361GB
 9b4e5bd96fc6 Downloading [=================>                                 ]  1.272MB/3.709MB
 a71fb70c33c2 Downloading [>                                                  ]   1.08MB/69.21MB
 9b4e5bd96fc6 Downloading [=================>                                 ]  1.321MB/3.709MB
 9b4e5bd96fc6 Downloading [==================>                                ]   1.37MB/3.709MB
 9b4e5bd96fc6 Downloading [===================>                               ]  1.419MB/3.709MB
 7c4627a62657 Downloading [==>                                                ]  66.48MB/1.361GB
 9b4e5bd96fc6 Downloading [===================>                               ]  1.468MB/3.709MB
 9b4e5bd96fc6 Downloading [====================>                              ]  1.517MB/3.709MB
 9b4e5bd96fc6 Downloading [=====================>                             ]  1.561MB/3.709MB
 7c4627a62657 Downloading [==>                                                ]  67.03MB/1.361GB
 9b4e5bd96fc6 Downloading [=====================>                             ]   1.61MB/3.709MB
 9b4e5bd96fc6 Downloading [======================>                            ]   1.66MB/3.709MB
 9b4e5bd96fc6 Downloading [=======================>                           ]  1.709MB/3.709MB
 9b4e5bd96fc6 Downloading [=======================>                           ]  1.758MB/3.709MB
 7c4627a62657 Downloading [==>                                                ]  67.57MB/1.361GB
 9b4e5bd96fc6 Downloading [========================>                          ]  1.807MB/3.709MB
 9b4e5bd96fc6 Downloading [=========================>                         ]  1.856MB/3.709MB
 9b4e5bd96fc6 Downloading [=========================>                         ]  1.905MB/3.709MB
 9b4e5bd96fc6 Downloading [==========================>                        ]  1.955MB/3.709MB
 7c4627a62657 Downloading [==>                                                ]  68.11MB/1.361GB
 9b4e5bd96fc6 Downloading [===========================>                       ]  2.004MB/3.709MB
 9b4e5bd96fc6 Downloading [===========================>                       ]  2.053MB/3.709MB
 9b4e5bd96fc6 Downloading [============================>                      ]  2.102MB/3.709MB
 9b4e5bd96fc6 Downloading [=============================>                     ]  2.151MB/3.709MB
 9b4e5bd96fc6 Downloading [=============================>                     ]    2.2MB/3.709MB
 a71fb70c33c2 Downloading [=>                                                 ]  1.621MB/69.21MB
 9b4e5bd96fc6 Downloading [==============================>                    ]  2.249MB/3.709MB
 7c4627a62657 Downloading [==>                                                ]  68.65MB/1.361GB
 9b4e5bd96fc6 Downloading [===============================>                   ]  2.348MB/3.709MB
 9b4e5bd96fc6 Downloading [================================>                  ]   2.39MB/3.709MB
 9b4e5bd96fc6 Downloading [==================================>                ]  2.586MB/3.709MB
 9b4e5bd96fc6 Downloading [===================================>               ]  2.635MB/3.709MB
 7c4627a62657 Downloading [==>                                                ]  69.19MB/1.361GB
 9b4e5bd96fc6 Downloading [====================================>              ]  2.684MB/3.709MB
 9b4e5bd96fc6 Downloading [====================================>              ]  2.734MB/3.709MB
 9b4e5bd96fc6 Downloading [=====================================>             ]  2.783MB/3.709MB
 9b4e5bd96fc6 Downloading [======================================>            ]  2.832MB/3.709MB
 9b4e5bd96fc6 Downloading [======================================>            ]  2.881MB/3.709MB
 7c4627a62657 Downloading [==>                                                ]  69.73MB/1.361GB
 9b4e5bd96fc6 Downloading [========================================>          ]  2.974MB/3.709MB
 a71fb70c33c2 Downloading [=>                                                 ]  2.161MB/69.21MB
 9b4e5bd96fc6 Downloading [===========================================>       ]   3.22MB/3.709MB
 9b4e5bd96fc6 Downloading [============================================>      ]  3.269MB/3.709MB
 9b4e5bd96fc6 Downloading [============================================>      ]  3.318MB/3.709MB
 9b4e5bd96fc6 Downloading [=============================================>     ]  3.367MB/3.709MB
 9b4e5bd96fc6 Downloading [==============================================>    ]  3.417MB/3.709MB
 7c4627a62657 Downloading [==>                                                ]  70.27MB/1.361GB
 9b4e5bd96fc6 Downloading [==============================================>    ]  3.466MB/3.709MB
 9b4e5bd96fc6 Downloading [===============================================>   ]  3.515MB/3.709MB
 9b4e5bd96fc6 Downloading [===============================================>   ]  3.559MB/3.709MB
 9b4e5bd96fc6 Downloading [================================================>  ]  3.608MB/3.709MB
 9b4e5bd96fc6 Downloading [=================================================> ]  3.657MB/3.709MB
 9b4e5bd96fc6 Downloading [=================================================> ]  3.706MB/3.709MB
 9b4e5bd96fc6 Verifying Checksum 
 9b4e5bd96fc6 Download complete 
 a71fb70c33c2 Downloading [=>                                                 ]  2.702MB/69.21MB
 7c4627a62657 Downloading [==>                                                ]  70.81MB/1.361GB
 7c4627a62657 Downloading [==>                                                ]  71.35MB/1.361GB
 a71fb70c33c2 Downloading [==>                                                ]  3.243MB/69.21MB
 7c4627a62657 Downloading [==>                                                ]  71.89MB/1.361GB
 7c4627a62657 Downloading [==>                                                ]  72.43MB/1.361GB
 a71fb70c33c2 Downloading [==>                                                ]  3.783MB/69.21MB
 7c4627a62657 Downloading [==>                                                ]  72.97MB/1.361GB
 a71fb70c33c2 Downloading [===>                                               ]  4.324MB/69.21MB
 7c4627a62657 Downloading [==================================================>]  1.361GB/1.361GB
 7c4627a62657 Retrying in 10 seconds 
 a71fb70c33c2 Downloading [===>                                               ]  4.865MB/69.21MB
 0cc027d4f22c Downloading [>                                                  ]  48.08kB/4.753MB
 0cc027d4f22c Downloading [=>                                                 ]  105.8kB/4.753MB
 7c4627a62657 Retrying in 9 seconds 
 a71fb70c33c2 Downloading [===>                                               ]  5.405MB/69.21MB
 7c4627a62657 Retrying in 8 seconds 
 0cc027d4f22c Downloading [=>                                                 ]  162.4kB/4.753MB
 a71fb70c33c2 Downloading [====>                                              ]  5.946MB/69.21MB
 7c4627a62657 Retrying in 7 seconds 
 0cc027d4f22c Downloading [==>                                                ]  211.5kB/4.753MB
 7c4627a62657 Retrying in 6 seconds 
 a71fb70c33c2 Downloading [====>                                              ]  6.487MB/69.21MB
 0cc027d4f22c Downloading [==>                                                ]  260.7kB/4.753MB
 7c4627a62657 Retrying in 5 seconds 
 0cc027d4f22c Downloading [===>                                               ]  309.8kB/4.753MB
 a71fb70c33c2 Downloading [=====>                                             ]  7.027MB/69.21MB
 7c4627a62657 Retrying in 4 seconds 
 0cc027d4f22c Downloading [===>                                               ]    359kB/4.753MB
 7c4627a62657 Retrying in 3 seconds 
 a71fb70c33c2 Downloading [=====>                                             ]  7.568MB/69.21MB
 0cc027d4f22c Downloading [====>                                              ]  408.1kB/4.753MB
 7c4627a62657 Retrying in 2 seconds 
 a71fb70c33c2 Downloading [=====>                                             ]  8.109MB/69.21MB
 0cc027d4f22c Downloading [====>                                              ]  457.3kB/4.753MB
 7c4627a62657 Retrying in 1 second 
 0cc027d4f22c Downloading [=====>                                             ]  506.4kB/4.753MB
 0cc027d4f22c Downloading [=====>                                             ]  555.6kB/4.753MB
 a71fb70c33c2 Downloading [======>                                            ]  8.649MB/69.21MB
 0cc027d4f22c Downloading [======>                                            ]  604.7kB/4.753MB
 0cc027d4f22c Downloading [======>                                            ]  653.9kB/4.753MB
 0cc027d4f22c Downloading [=======>                                           ]    703kB/4.753MB
 a71fb70c33c2 Downloading [======>                                            ]   9.19MB/69.21MB
 0cc027d4f22c Downloading [=======>                                           ]  752.2kB/4.753MB
 0cc027d4f22c Downloading [========>                                          ]  801.3kB/4.753MB
 0cc027d4f22c Downloading [========>                                          ]  850.5kB/4.753MB
 a71fb70c33c2 Downloading [=======>                                           ]  9.731MB/69.21MB
 0cc027d4f22c Downloading [=========>                                         ]  899.6kB/4.753MB
 a71fb70c33c2 Downloading [=======>                                           ]  10.27MB/69.21MB
 0cc027d4f22c Downloading [==========>                                        ]  997.9kB/4.753MB
 0cc027d4f22c Downloading [============>                                      ]  1.195MB/4.753MB
 0cc027d4f22c Downloading [=============>                                     ]  1.244MB/4.753MB
 0cc027d4f22c Downloading [=============>                                     ]  1.293MB/4.753MB
 0cc027d4f22c Downloading [==============>                                    ]  1.342MB/4.753MB
 a71fb70c33c2 Downloading [=======>                                           ]  10.81MB/69.21MB
 0cc027d4f22c Downloading [==============>                                    ]  1.391MB/4.753MB
 0cc027d4f22c Downloading [===============>                                   ]   1.44MB/4.753MB
 0cc027d4f22c Downloading [===============>                                   ]  1.489MB/4.753MB
 0cc027d4f22c Downloading [================>                                  ]  1.539MB/4.753MB
 0cc027d4f22c Downloading [================>                                  ]  1.588MB/4.753MB
 a71fb70c33c2 Downloading [========>                                          ]  11.35MB/69.21MB
 0cc027d4f22c Downloading [=================>                                 ]  1.637MB/4.753MB
 0cc027d4f22c Downloading [=================>                                 ]  1.686MB/4.753MB
 0cc027d4f22c Downloading [==================>                                ]  1.735MB/4.753MB
 0cc027d4f22c Downloading [==================>                                ]  1.784MB/4.753MB
 0cc027d4f22c Downloading [====================>                              ]  1.932MB/4.753MB
 0cc027d4f22c Downloading [====================>                              ]  1.981MB/4.753MB
 0cc027d4f22c Downloading [======================>                            ]  2.178MB/4.753MB
 a71fb70c33c2 Downloading [========>                                          ]  11.89MB/69.21MB
 0cc027d4f22c Downloading [=======================>                           ]  2.227MB/4.753MB
 0cc027d4f22c Downloading [=======================>                           ]  2.276MB/4.753MB
 a71fb70c33c2 Downloading [=========>                                         ]  12.97MB/69.21MB
 0cc027d4f22c Downloading [========================>                          ]  2.325MB/4.753MB
 0cc027d4f22c Downloading [=========================>                         ]  2.423MB/4.753MB
 0cc027d4f22c Downloading [==========================>                        ]  2.473MB/4.753MB
 0cc027d4f22c Downloading [==========================>                        ]  2.522MB/4.753MB
 0cc027d4f22c Downloading [===========================>                       ]  2.571MB/4.753MB
 0cc027d4f22c Downloading [===========================>                       ]   2.62MB/4.753MB
 0cc027d4f22c Downloading [============================>                      ]  2.669MB/4.753MB
 0cc027d4f22c Downloading [============================>                      ]  2.718MB/4.753MB
 0cc027d4f22c Downloading [=============================>                     ]  2.767MB/4.753MB
 a71fb70c33c2 Downloading [=========>                                         ]  13.51MB/69.21MB
 0cc027d4f22c Downloading [=============================>                     ]  2.817MB/4.753MB
 0cc027d4f22c Downloading [==============================>                    ]  2.866MB/4.753MB
 0cc027d4f22c Downloading [==============================>                    ]  2.915MB/4.753MB
 0cc027d4f22c Downloading [===============================>                   ]  2.964MB/4.753MB
 0cc027d4f22c Downloading [===============================>                   ]  3.013MB/4.753MB
 0cc027d4f22c Downloading [================================>                  ]  3.062MB/4.753MB
 0cc027d4f22c Downloading [================================>                  ]  3.111MB/4.753MB
 a71fb70c33c2 Downloading [==========>                                        ]  14.05MB/69.21MB
 0cc027d4f22c Downloading [=================================>                 ]  3.161MB/4.753MB
 0cc027d4f22c Downloading [=================================>                 ]   3.21MB/4.753MB
 0cc027d4f22c Downloading [==================================>                ]  3.259MB/4.753MB
 0cc027d4f22c Downloading [==================================>                ]  3.308MB/4.753MB
 0cc027d4f22c Downloading [===================================>               ]  3.357MB/4.753MB
 0cc027d4f22c Downloading [===================================>               ]  3.406MB/4.753MB
 0cc027d4f22c Downloading [====================================>              ]  3.456MB/4.753MB
 0cc027d4f22c Downloading [====================================>              ]  3.505MB/4.753MB
 a71fb70c33c2 Downloading [==========>                                        ]  14.59MB/69.21MB
 0cc027d4f22c Downloading [=====================================>             ]  3.554MB/4.753MB
 0cc027d4f22c Downloading [=====================================>             ]  3.603MB/4.753MB
 0cc027d4f22c Downloading [======================================>            ]  3.652MB/4.753MB
 0cc027d4f22c Downloading [======================================>            ]  3.701MB/4.753MB
 0cc027d4f22c Downloading [=======================================>           ]   3.75MB/4.753MB
 0cc027d4f22c Downloading [=======================================>           ]    3.8MB/4.753MB
 0cc027d4f22c Downloading [========================================>          ]  3.849MB/4.753MB
 a71fb70c33c2 Downloading [==========>                                        ]  15.13MB/69.21MB
 0cc027d4f22c Downloading [=========================================>         ]  3.898MB/4.753MB
 0cc027d4f22c Downloading [=========================================>         ]  3.947MB/4.753MB
 0cc027d4f22c Downloading [==========================================>        ]  3.996MB/4.753MB
 0cc027d4f22c Downloading [==========================================>        ]  4.045MB/4.753MB
 0cc027d4f22c Downloading [===========================================>       ]  4.095MB/4.753MB
 0cc027d4f22c Downloading [===========================================>       ]  4.144MB/4.753MB
 0cc027d4f22c Downloading [============================================>      ]  4.193MB/4.753MB
 0cc027d4f22c Downloading [============================================>      ]  4.242MB/4.753MB
 a71fb70c33c2 Downloading [===========>                                       ]  15.68MB/69.21MB
 0cc027d4f22c Downloading [=============================================>     ]   4.34MB/4.753MB
 0cc027d4f22c Downloading [==============================================>    ]  4.389MB/4.753MB
 0cc027d4f22c Downloading [===============================================>   ]  4.488MB/4.753MB
 0cc027d4f22c Downloading [===============================================>   ]  4.537MB/4.753MB
 7c4627a62657 Downloading [>                                                  ]  539.3kB/1.287GB
 0cc027d4f22c Downloading [================================================>  ]  4.586MB/4.753MB
 0cc027d4f22c Downloading [================================================>  ]  4.635MB/4.753MB
 0cc027d4f22c Downloading [=================================================> ]  4.684MB/4.753MB
 0cc027d4f22c Verifying Checksum 
 0cc027d4f22c Download complete 
 a71fb70c33c2 Downloading [===========>                                       ]  16.22MB/69.21MB
 a71fb70c33c2 Downloading [============>                                      ]  16.76MB/69.21MB
 7c4627a62657 Downloading [>                                                  ]   1.08MB/1.287GB
 a71fb70c33c2 Downloading [============>                                      ]   17.3MB/69.21MB
 7c4627a62657 Downloading [>                                                  ]  1.621MB/1.287GB
 2058d0f26985 Downloading [=========>                                         ]  16.38kB/82.03kB
 2058d0f26985 Downloading [===================>                               ]  32.77kB/82.03kB
 a71fb70c33c2 Downloading [============>                                      ]  17.84MB/69.21MB
 2058d0f26985 Downloading [=============================>                     ]  49.15kB/82.03kB
 2058d0f26985 Downloading [=======================================>           ]  65.54kB/82.03kB
 2058d0f26985 Downloading [=================================================> ]  80.62kB/82.03kB
 2058d0f26985 Downloading [==================================================>]  82.03kB/82.03kB
 2058d0f26985 Verifying Checksum 
 2058d0f26985 Download complete 
 7c4627a62657 Downloading [>                                                  ]  2.161MB/1.287GB
 a71fb70c33c2 Downloading [=============>                                     ]  18.38MB/69.21MB
 a71fb70c33c2 Downloading [=============>                                     ]  18.92MB/69.21MB
 7c4627a62657 Downloading [>                                                  ]  2.702MB/1.287GB
 a71fb70c33c2 Downloading [==============>                                    ]  19.46MB/69.21MB
 7c4627a62657 Downloading [>                                                  ]  3.243MB/1.287GB
 a71fb70c33c2 Downloading [==============>                                    ]     20MB/69.21MB
 7c4627a62657 Downloading [>                                                  ]  3.783MB/1.287GB
 a71fb70c33c2 Downloading [===============>                                   ]  21.08MB/69.21MB
 7c4627a62657 Downloading [>                                                  ]  4.324MB/1.287GB
 a71fb70c33c2 Downloading [===============>                                   ]  21.61MB/69.21MB
 7c4627a62657 Downloading [>                                                  ]  4.865MB/1.287GB
 a71fb70c33c2 Downloading [================>                                  ]  22.15MB/69.21MB
 7c4627a62657 Downloading [>                                                  ]  5.405MB/1.287GB
 a71fb70c33c2 Downloading [================>                                  ]  22.69MB/69.21MB
 7c4627a62657 Downloading [>                                                  ]  5.946MB/1.287GB
 a71fb70c33c2 Downloading [================>                                  ]  23.21MB/69.21MB
 7c4627a62657 Downloading [>                                                  ]  6.487MB/1.287GB
 a71fb70c33c2 Downloading [=================>                                 ]  23.76MB/69.21MB
 7c4627a62657 Downloading [>                                                  ]  7.027MB/1.287GB
 a71fb70c33c2 Downloading [=================>                                 ]  24.29MB/69.21MB
 a71fb70c33c2 Downloading [=================>                                 ]  24.82MB/69.21MB
 7c4627a62657 Downloading [>                                                  ]  7.568MB/1.287GB
 a71fb70c33c2 Downloading [==================>                                ]  25.36MB/69.21MB
 7c4627a62657 Downloading [>                                                  ]  8.109MB/1.287GB
 a71fb70c33c2 Downloading [==================>                                ]   25.9MB/69.21MB
 7c4627a62657 Downloading [>                                                  ]  8.649MB/1.287GB
 a71fb70c33c2 Downloading [===================>                               ]  26.43MB/69.21MB
 6889af65efa7 Downloading [>                                                  ]  540.7kB/76.03MB
 7c4627a62657 Downloading [>                                                  ]   9.19MB/1.287GB
 a71fb70c33c2 Downloading [===================>                               ]  26.97MB/69.21MB
 7c4627a62657 Downloading [>                                                  ]  9.731MB/1.287GB
 a71fb70c33c2 Downloading [===================>                               ]  27.49MB/69.21MB
 7c4627a62657 Downloading [>                                                  ]  10.27MB/1.287GB
 a71fb70c33c2 Downloading [====================>                              ]  28.03MB/69.21MB
 6889af65efa7 Downloading [>                                                  ]  1.081MB/76.03MB
 7c4627a62657 Downloading [>                                                  ]  10.81MB/1.287GB
 a71fb70c33c2 Downloading [====================>                              ]  28.56MB/69.21MB
 7c4627a62657 Downloading [>                                                  ]  11.35MB/1.287GB
 a71fb70c33c2 Downloading [=====================>                             ]   29.1MB/69.21MB
 6889af65efa7 Downloading [=>                                                 ]  1.622MB/76.03MB
 a71fb70c33c2 Downloading [=====================>                             ]  29.64MB/69.21MB
 7c4627a62657 Downloading [>                                                  ]  11.89MB/1.287GB
 6889af65efa7 Downloading [=>                                                 ]  2.163MB/76.03MB
 a71fb70c33c2 Downloading [=====================>                             ]  30.18MB/69.21MB
 7c4627a62657 Downloading [>                                                  ]  12.43MB/1.287GB
 a71fb70c33c2 Downloading [======================>                            ]  30.71MB/69.21MB
 6889af65efa7 Downloading [=>                                                 ]  2.703MB/76.03MB
 a71fb70c33c2 Downloading [======================>                            ]  31.25MB/69.21MB
 7c4627a62657 Downloading [>                                                  ]  12.97MB/1.287GB
 6889af65efa7 Downloading [==>                                                ]  3.244MB/76.03MB
 a71fb70c33c2 Downloading [======================>                            ]  31.78MB/69.21MB
 6889af65efa7 Downloading [==>                                                ]  3.785MB/76.03MB
 7c4627a62657 Downloading [>                                                  ]  13.52MB/1.287GB
 a71fb70c33c2 Downloading [=======================>                           ]  32.32MB/69.21MB
 6889af65efa7 Downloading [==>                                                ]  4.325MB/76.03MB
 7c4627a62657 Downloading [>                                                  ]  14.06MB/1.287GB
 a71fb70c33c2 Downloading [=======================>                           ]  32.86MB/69.21MB
 a71fb70c33c2 Downloading [========================>                          ]  33.41MB/69.21MB
 7c4627a62657 Downloading [>                                                  ]   14.6MB/1.287GB
 6889af65efa7 Downloading [===>                                               ]  4.866MB/76.03MB
 a71fb70c33c2 Downloading [========================>                          ]  33.95MB/69.21MB
 6889af65efa7 Downloading [===>                                               ]  5.405MB/76.03MB
 7c4627a62657 Downloading [>                                                  ]  15.14MB/1.287GB
 a71fb70c33c2 Downloading [========================>                          ]  34.49MB/69.21MB
 6889af65efa7 Downloading [===>                                               ]  5.945MB/76.03MB
 a71fb70c33c2 Downloading [=========================>                         ]  35.03MB/69.21MB
 7c4627a62657 Downloading [>                                                  ]  15.68MB/1.287GB
 a71fb70c33c2 Downloading [=========================>                         ]  35.57MB/69.21MB
 6889af65efa7 Downloading [====>                                              ]  6.486MB/76.03MB
 7c4627a62657 Downloading [>                                                  ]  16.22MB/1.287GB
 a71fb70c33c2 Downloading [==========================>                        ]  36.11MB/69.21MB
 7c4627a62657 Downloading [>                                                  ]  16.76MB/1.287GB
 6889af65efa7 Downloading [====>                                              ]  7.027MB/76.03MB
 7c4627a62657 Downloading [>                                                  ]   17.3MB/1.287GB
 a71fb70c33c2 Downloading [==========================>                        ]  36.65MB/69.21MB
 6889af65efa7 Downloading [====>                                              ]  7.567MB/76.03MB
 7c4627a62657 Downloading [>                                                  ]  17.84MB/1.287GB
 6889af65efa7 Downloading [=====>                                             ]  8.108MB/76.03MB
 a71fb70c33c2 Downloading [==========================>                        ]  37.19MB/69.21MB
 7c4627a62657 Downloading [>                                                  ]  18.38MB/1.287GB
 6889af65efa7 Downloading [=====>                                             ]  8.649MB/76.03MB
 7c4627a62657 Downloading [>                                                  ]  18.92MB/1.287GB
 a71fb70c33c2 Downloading [===========================>                       ]  37.73MB/69.21MB
 7c4627a62657 Downloading [>                                                  ]  19.46MB/1.287GB
 6889af65efa7 Downloading [======>                                            ]  9.189MB/76.03MB
 a71fb70c33c2 Downloading [===========================>                       ]  38.27MB/69.21MB
 6889af65efa7 Downloading [======>                                            ]   9.73MB/76.03MB
 7c4627a62657 Downloading [>                                                  ]     20MB/1.287GB
 a71fb70c33c2 Downloading [============================>                      ]  38.81MB/69.21MB
 7c4627a62657 Downloading [>                                                  ]  20.54MB/1.287GB
 6889af65efa7 Downloading [======>                                            ]  10.27MB/76.03MB
 a71fb70c33c2 Downloading [============================>                      ]  39.35MB/69.21MB
 7c4627a62657 Downloading [>                                                  ]  21.08MB/1.287GB
 6889af65efa7 Downloading [=======>                                           ]   10.8MB/76.03MB
 a71fb70c33c2 Downloading [============================>                      ]  39.89MB/69.21MB
 7c4627a62657 Downloading [>                                                  ]  21.61MB/1.287GB
 6889af65efa7 Downloading [=======>                                           ]  11.34MB/76.03MB
 a71fb70c33c2 Downloading [=============================>                     ]  40.42MB/69.21MB
 7c4627a62657 Downloading [>                                                  ]  22.15MB/1.287GB
 6889af65efa7 Downloading [=======>                                           ]  11.87MB/76.03MB
 a71fb70c33c2 Downloading [=============================>                     ]  40.96MB/69.21MB
 7c4627a62657 Downloading [>                                                  ]  22.69MB/1.287GB
 6889af65efa7 Downloading [========>                                          ]  12.41MB/76.03MB
 a71fb70c33c2 Downloading [=============================>                     ]   41.5MB/69.21MB
 7c4627a62657 Downloading [>                                                  ]  23.23MB/1.287GB
 6889af65efa7 Downloading [========>                                          ]  12.95MB/76.03MB
 7c4627a62657 Downloading [>                                                  ]  23.77MB/1.287GB
 a71fb70c33c2 Downloading [==============================>                    ]  42.04MB/69.21MB
 6889af65efa7 Downloading [========>                                          ]  13.49MB/76.03MB
 7c4627a62657 Downloading [>                                                  ]  24.31MB/1.287GB
 a71fb70c33c2 Downloading [==============================>                    ]  42.58MB/69.21MB
 6889af65efa7 Downloading [=========>                                         ]  14.03MB/76.03MB
 a71fb70c33c2 Downloading [===============================>                   ]  43.12MB/69.21MB
 7c4627a62657 Downloading [>                                                  ]  24.85MB/1.287GB
 6889af65efa7 Downloading [=========>                                         ]  14.57MB/76.03MB
 a71fb70c33c2 Downloading [===============================>                   ]  43.66MB/69.21MB
 7c4627a62657 Downloading [>                                                  ]   25.4MB/1.287GB
 6889af65efa7 Downloading [=========>                                         ]  15.11MB/76.03MB
 a71fb70c33c2 Downloading [===============================>                   ]   44.2MB/69.21MB
 7c4627a62657 Downloading [=>                                                 ]  25.94MB/1.287GB
 a71fb70c33c2 Downloading [================================>                  ]  44.74MB/69.21MB
 6889af65efa7 Downloading [==========>                                        ]  15.65MB/76.03MB
 7c4627a62657 Downloading [=>                                                 ]  26.48MB/1.287GB
 a71fb70c33c2 Downloading [================================>                  ]  45.28MB/69.21MB
 6889af65efa7 Downloading [==========>                                        ]   16.2MB/76.03MB
 a71fb70c33c2 Downloading [=================================>                 ]  45.82MB/69.21MB
 6889af65efa7 Downloading [===========>                                       ]  16.74MB/76.03MB
 7c4627a62657 Downloading [=>                                                 ]  27.02MB/1.287GB
 a71fb70c33c2 Downloading [=================================>                 ]  46.37MB/69.21MB
 7c4627a62657 Downloading [=>                                                 ]  27.56MB/1.287GB
 6889af65efa7 Downloading [===========>                                       ]  17.28MB/76.03MB
 a71fb70c33c2 Downloading [=================================>                 ]  46.91MB/69.21MB
 7c4627a62657 Downloading [=>                                                 ]   28.1MB/1.287GB
 6889af65efa7 Downloading [===========>                                       ]   17.8MB/76.03MB
 6889af65efa7 Downloading [============>                                      ]  18.34MB/76.03MB
 7c4627a62657 Downloading [=>                                                 ]  28.64MB/1.287GB
 a71fb70c33c2 Downloading [==================================>                ]  47.45MB/69.21MB
 6889af65efa7 Downloading [============>                                      ]  18.88MB/76.03MB
 a71fb70c33c2 Downloading [==================================>                ]  47.99MB/69.21MB
 7c4627a62657 Downloading [=>                                                 ]  29.18MB/1.287GB
 6889af65efa7 Downloading [============>                                      ]  19.42MB/76.03MB
 6889af65efa7 Downloading [=============>                                     ]  19.96MB/76.03MB
 a71fb70c33c2 Downloading [===================================>               ]  48.53MB/69.21MB
 7c4627a62657 Downloading [=>                                                 ]  29.72MB/1.287GB
 6889af65efa7 Downloading [=============>                                     ]   20.5MB/76.03MB
 a71fb70c33c2 Downloading [===================================>               ]  49.07MB/69.21MB
 6889af65efa7 Downloading [=============>                                     ]  21.04MB/76.03MB
 7c4627a62657 Downloading [=>                                                 ]  30.26MB/1.287GB
 a71fb70c33c2 Downloading [===================================>               ]  49.61MB/69.21MB
 6889af65efa7 Downloading [==============>                                    ]  21.59MB/76.03MB
 7c4627a62657 Downloading [=>                                                 ]   30.8MB/1.287GB
 6889af65efa7 Downloading [==============>                                    ]  22.13MB/76.03MB
 a71fb70c33c2 Downloading [====================================>              ]  50.15MB/69.21MB
 6889af65efa7 Downloading [==============>                                    ]  22.67MB/76.03MB
 7c4627a62657 Downloading [=>                                                 ]  31.34MB/1.287GB
 6889af65efa7 Downloading [===============>                                   ]  23.21MB/76.03MB
 7c4627a62657 Downloading [=>                                                 ]  31.88MB/1.287GB
 a71fb70c33c2 Downloading [====================================>              ]  50.69MB/69.21MB
 6889af65efa7 Downloading [===============>                                   ]  23.75MB/76.03MB
 7c4627a62657 Downloading [=>                                                 ]  32.42MB/1.287GB
 6889af65efa7 Downloading [===============>                                   ]  24.29MB/76.03MB
 a71fb70c33c2 Downloading [=====================================>             ]  51.23MB/69.21MB
 6889af65efa7 Downloading [================>                                  ]  24.83MB/76.03MB
 7c4627a62657 Downloading [=>                                                 ]  32.96MB/1.287GB
 6889af65efa7 Downloading [================>                                  ]  25.37MB/76.03MB
 a71fb70c33c2 Downloading [=====================================>             ]  51.77MB/69.21MB
 7c4627a62657 Downloading [=>                                                 ]  33.51MB/1.287GB
 7c4627a62657 Downloading [=>                                                 ]  34.05MB/1.287GB
 6889af65efa7 Downloading [=================>                                 ]  25.91MB/76.03MB
 a71fb70c33c2 Downloading [=====================================>             ]  52.31MB/69.21MB
 7c4627a62657 Downloading [=>                                                 ]  34.59MB/1.287GB
 6889af65efa7 Downloading [=================>                                 ]  26.45MB/76.03MB
 a71fb70c33c2 Downloading [======================================>            ]  52.85MB/69.21MB
 7c4627a62657 Downloading [=>                                                 ]  35.13MB/1.287GB
 6889af65efa7 Downloading [=================>                                 ]  26.99MB/76.03MB
 a71fb70c33c2 Downloading [======================================>            ]  53.39MB/69.21MB
 7c4627a62657 Downloading [=>                                                 ]  35.67MB/1.287GB
 6889af65efa7 Downloading [==================>                                ]  27.53MB/76.03MB
 a71fb70c33c2 Downloading [======================================>            ]  53.92MB/69.21MB
 7c4627a62657 Downloading [=>                                                 ]  36.21MB/1.287GB
 6889af65efa7 Downloading [==================>                                ]  28.07MB/76.03MB
 a71fb70c33c2 Downloading [=======================================>           ]  54.46MB/69.21MB
 7c4627a62657 Downloading [=>                                                 ]  36.75MB/1.287GB
 6889af65efa7 Downloading [==================>                                ]  28.61MB/76.03MB
 a71fb70c33c2 Downloading [=======================================>           ]     55MB/69.21MB
 7c4627a62657 Downloading [=>                                                 ]  37.29MB/1.287GB
 6889af65efa7 Downloading [===================>                               ]  29.16MB/76.03MB
 a71fb70c33c2 Downloading [========================================>          ]  55.53MB/69.21MB
 7c4627a62657 Downloading [=>                                                 ]  37.83MB/1.287GB
 6889af65efa7 Downloading [===================>                               ]   29.7MB/76.03MB
 a71fb70c33c2 Downloading [========================================>          ]  56.06MB/69.21MB
 6889af65efa7 Downloading [===================>                               ]  30.24MB/76.03MB
 7c4627a62657 Downloading [=>                                                 ]  38.37MB/1.287GB
 a71fb70c33c2 Downloading [========================================>          ]  56.59MB/69.21MB
 6889af65efa7 Downloading [====================>                              ]  30.78MB/76.03MB
 a71fb70c33c2 Downloading [=========================================>         ]  57.13MB/69.21MB
 7c4627a62657 Downloading [=>                                                 ]  38.91MB/1.287GB
 6889af65efa7 Downloading [====================>                              ]  31.32MB/76.03MB
 a71fb70c33c2 Downloading [=========================================>         ]  57.66MB/69.21MB
 6889af65efa7 Downloading [====================>                              ]  31.86MB/76.03MB
 7c4627a62657 Downloading [=>                                                 ]  39.45MB/1.287GB
 a71fb70c33c2 Downloading [==========================================>        ]   58.2MB/69.21MB
 6889af65efa7 Downloading [=====================>                             ]   32.4MB/76.03MB
 a71fb70c33c2 Downloading [==========================================>        ]  58.74MB/69.21MB
 7c4627a62657 Downloading [=>                                                 ]  39.99MB/1.287GB
 6889af65efa7 Downloading [=====================>                             ]  32.94MB/76.03MB
 a71fb70c33c2 Downloading [==========================================>        ]  59.27MB/69.21MB
 7c4627a62657 Downloading [=>                                                 ]  40.53MB/1.287GB
 6889af65efa7 Downloading [======================>                            ]  33.48MB/76.03MB
 a71fb70c33c2 Downloading [===========================================>       ]  59.81MB/69.21MB
 6889af65efa7 Downloading [======================>                            ]  34.02MB/76.03MB
 7c4627a62657 Downloading [=>                                                 ]  41.07MB/1.287GB
 a71fb70c33c2 Downloading [===========================================>       ]  60.35MB/69.21MB
 6889af65efa7 Downloading [======================>                            ]  34.56MB/76.03MB
 a71fb70c33c2 Downloading [===========================================>       ]  60.88MB/69.21MB
 7c4627a62657 Downloading [=>                                                 ]  41.62MB/1.287GB
 6889af65efa7 Downloading [=======================>                           ]   35.1MB/76.03MB
 a71fb70c33c2 Downloading [============================================>      ]  61.41MB/69.21MB
 7c4627a62657 Downloading [=>                                                 ]  42.16MB/1.287GB
 6889af65efa7 Downloading [=======================>                           ]  35.64MB/76.03MB
 a71fb70c33c2 Downloading [============================================>      ]  61.94MB/69.21MB
 6889af65efa7 Downloading [=======================>                           ]  36.18MB/76.03MB
 7c4627a62657 Downloading [=>                                                 ]   42.7MB/1.287GB
 a71fb70c33c2 Downloading [=============================================>     ]  62.48MB/69.21MB
 6889af65efa7 Downloading [========================>                          ]  36.72MB/76.03MB
 a71fb70c33c2 Downloading [==================================================>]  69.21MB/69.21MB
 a71fb70c33c2 Retrying in 5 seconds 
 7c4627a62657 Downloading [=>                                                 ]  43.24MB/1.287GB
 a71fb70c33c2 Retrying in 4 seconds 
 6889af65efa7 Downloading [========================>                          ]  37.27MB/76.03MB
 a71fb70c33c2 Retrying in 3 seconds 
 7c4627a62657 Downloading [=>                                                 ]  43.78MB/1.287GB
 a71fb70c33c2 Retrying in 2 seconds 
 6889af65efa7 Downloading [========================>                          ]  37.81MB/76.03MB
 a71fb70c33c2 Retrying in 1 second 
 6889af65efa7 Downloading [=========================>                         ]  38.35MB/76.03MB
 7c4627a62657 Downloading [=>                                                 ]  44.32MB/1.287GB
 6889af65efa7 Downloading [=========================>                         ]  38.89MB/76.03MB
 7c4627a62657 Downloading [=>                                                 ]  44.86MB/1.287GB
 6889af65efa7 Downloading [=========================>                         ]  39.43MB/76.03MB
 7c4627a62657 Downloading [=>                                                 ]   45.4MB/1.287GB
 6889af65efa7 Downloading [==========================>                        ]  39.97MB/76.03MB
 7c4627a62657 Downloading [=>                                                 ]  45.94MB/1.287GB
 6889af65efa7 Downloading [==========================>                        ]  40.51MB/76.03MB
 7c4627a62657 Downloading [=>                                                 ]  46.48MB/1.287GB
 6889af65efa7 Downloading [==========================>                        ]  41.05MB/76.03MB
 7c4627a62657 Downloading [=>                                                 ]  47.02MB/1.287GB
 6889af65efa7 Downloading [===========================>                       ]  41.58MB/76.03MB
 7c4627a62657 Downloading [=>                                                 ]  47.56MB/1.287GB
 a71fb70c33c2 Downloading [>                                                  ]  65.54kB/6.292MB
 6889af65efa7 Downloading [===========================>                       ]  42.12MB/76.03MB
 7c4627a62657 Downloading [=>                                                 ]   48.1MB/1.287GB
 a71fb70c33c2 Downloading [=>                                                 ]  129.7kB/6.292MB
 a71fb70c33c2 Downloading [=>                                                 ]  195.3kB/6.292MB
 6889af65efa7 Downloading [============================>                      ]  42.66MB/76.03MB
 7c4627a62657 Downloading [=>                                                 ]  48.64MB/1.287GB
 a71fb70c33c2 Downloading [==>                                                ]  260.8kB/6.292MB
 7c4627a62657 Downloading [=>                                                 ]  49.18MB/1.287GB
 6889af65efa7 Downloading [============================>                      ]   43.2MB/76.03MB
 a71fb70c33c2 Downloading [==>                                                ]  326.4kB/6.292MB
 a71fb70c33c2 Downloading [===>                                               ]  391.9kB/6.292MB
 7c4627a62657 Downloading [=>                                                 ]  49.73MB/1.287GB
 6889af65efa7 Downloading [============================>                      ]  43.74MB/76.03MB
 a71fb70c33c2 Downloading [===>                                               ]  457.4kB/6.292MB
 7c4627a62657 Downloading [=>                                                 ]  50.27MB/1.287GB
 a71fb70c33c2 Downloading [====>                                              ]    523kB/6.292MB
 7c4627a62657 Downloading [=>                                                 ]  50.81MB/1.287GB
 6889af65efa7 Downloading [=============================>                     ]  44.28MB/76.03MB
 a71fb70c33c2 Downloading [====>                                              ]  588.5kB/6.292MB
 a71fb70c33c2 Downloading [=====>                                             ]    654kB/6.292MB
 7c4627a62657 Downloading [=>                                                 ]  51.35MB/1.287GB
 a71fb70c33c2 Downloading [=====>                                             ]  719.6kB/6.292MB
 6889af65efa7 Downloading [=============================>                     ]  44.83MB/76.03MB
 a71fb70c33c2 Downloading [======>                                            ]  785.1kB/6.292MB
 7c4627a62657 Downloading [==>                                                ]  51.89MB/1.287GB
 a71fb70c33c2 Downloading [======>                                            ]  850.6kB/6.292MB
 6889af65efa7 Downloading [=============================>                     ]  45.37MB/76.03MB
 a71fb70c33c2 Downloading [=======>                                           ]  916.2kB/6.292MB
 a71fb70c33c2 Downloading [=======>                                           ]  981.7kB/6.292MB
 7c4627a62657 Downloading [==>                                                ]  52.43MB/1.287GB
 a71fb70c33c2 Downloading [========>                                          ]  1.047MB/6.292MB
 a71fb70c33c2 Downloading [========>                                          ]  1.113MB/6.292MB
 7c4627a62657 Downloading [==>                                                ]  52.97MB/1.287GB
 6889af65efa7 Downloading [==============================>                    ]  45.91MB/76.03MB
 a71fb70c33c2 Downloading [=========>                                         ]  1.178MB/6.292MB
 a71fb70c33c2 Downloading [=========>                                         ]  1.244MB/6.292MB
 a71fb70c33c2 Downloading [==========>                                        ]  1.309MB/6.292MB
 a71fb70c33c2 Downloading [==========>                                        ]  1.375MB/6.292MB
 a71fb70c33c2 Downloading [===========>                                       ]   1.44MB/6.292MB
 7c4627a62657 Downloading [==>                                                ]  53.51MB/1.287GB
 a71fb70c33c2 Downloading [============>                                      ]  1.572MB/6.292MB
 6889af65efa7 Downloading [==============================>                    ]  46.45MB/76.03MB
 a71fb70c33c2 Downloading [=============>                                     ]  1.637MB/6.292MB
 a71fb70c33c2 Downloading [===============>                                   ]  1.899MB/6.292MB
 a71fb70c33c2 Downloading [===============>                                   ]  1.965MB/6.292MB
 7c4627a62657 Downloading [==>                                                ]  54.05MB/1.287GB
 a71fb70c33c2 Downloading [================>                                  ]   2.03MB/6.292MB
 a71fb70c33c2 Downloading [================>                                  ]  2.096MB/6.292MB
 a71fb70c33c2 Downloading [=================>                                 ]  2.161MB/6.292MB
 a71fb70c33c2 Downloading [=================>                                 ]  2.227MB/6.292MB
 a71fb70c33c2 Downloading [==================>                                ]  2.292MB/6.292MB
 6889af65efa7 Downloading [==============================>                    ]  46.99MB/76.03MB
 a71fb70c33c2 Downloading [==================>                                ]  2.358MB/6.292MB
 a71fb70c33c2 Downloading [===================>                               ]  2.424MB/6.292MB
 a71fb70c33c2 Downloading [===================>                               ]  2.489MB/6.292MB
 a71fb70c33c2 Downloading [====================>                              ]  2.555MB/6.292MB
 7c4627a62657 Downloading [==>                                                ]  54.59MB/1.287GB
 a71fb70c33c2 Downloading [====================>                              ]   2.62MB/6.292MB
 a71fb70c33c2 Downloading [=====================>                             ]  2.686MB/6.292MB
 a71fb70c33c2 Downloading [=====================>                             ]  2.751MB/6.292MB
 a71fb70c33c2 Downloading [======================>                            ]  2.817MB/6.292MB
 a71fb70c33c2 Downloading [======================>                            ]  2.882MB/6.292MB
 a71fb70c33c2 Downloading [=======================>                           ]  2.948MB/6.292MB
 a71fb70c33c2 Downloading [=======================>                           ]  3.013MB/6.292MB
 6889af65efa7 Downloading [===============================>                   ]  47.53MB/76.03MB
 a71fb70c33c2 Downloading [=========================>                         ]   3.21MB/6.292MB
 7c4627a62657 Downloading [==>                                                ]  55.13MB/1.287GB
 a71fb70c33c2 Downloading [==========================>                        ]  3.275MB/6.292MB
 a71fb70c33c2 Downloading [============================>                      ]  3.538MB/6.292MB
 a71fb70c33c2 Downloading [============================>                      ]  3.603MB/6.292MB
 a71fb70c33c2 Downloading [=============================>                     ]  3.669MB/6.292MB
 a71fb70c33c2 Downloading [=============================>                     ]  3.734MB/6.292MB
 a71fb70c33c2 Downloading [==============================>                    ]    3.8MB/6.292MB
 6889af65efa7 Downloading [===============================>                   ]  48.07MB/76.03MB
 7c4627a62657 Downloading [==>                                                ]  55.67MB/1.287GB
 a71fb70c33c2 Downloading [==============================>                    ]  3.865MB/6.292MB
 a71fb70c33c2 Downloading [===============================>                   ]  3.931MB/6.292MB
 a71fb70c33c2 Downloading [===============================>                   ]  3.996MB/6.292MB
 a71fb70c33c2 Downloading [================================>                  ]  4.062MB/6.292MB
 a71fb70c33c2 Downloading [================================>                  ]  4.127MB/6.292MB
 a71fb70c33c2 Downloading [=================================>                 ]  4.193MB/6.292MB
 a71fb70c33c2 Downloading [=================================>                 ]  4.259MB/6.292MB
 a71fb70c33c2 Downloading [==================================>                ]  4.324MB/6.292MB
 a71fb70c33c2 Downloading [==================================>                ]   4.39MB/6.292MB
 7c4627a62657 Downloading [==>                                                ]  56.21MB/1.287GB
 6889af65efa7 Downloading [===============================>                   ]  48.61MB/76.03MB
 a71fb70c33c2 Downloading [====================================>              ]  4.652MB/6.292MB
 a71fb70c33c2 Downloading [=====================================>             ]  4.717MB/6.292MB
 a71fb70c33c2 Downloading [======================================>            ]  4.783MB/6.292MB
 a71fb70c33c2 Downloading [======================================>            ]  4.848MB/6.292MB
 a71fb70c33c2 Downloading [=======================================>           ]  4.914MB/6.292MB
 a71fb70c33c2 Downloading [=======================================>           ]  4.979MB/6.292MB
 7c4627a62657 Downloading [==>                                                ]  56.75MB/1.287GB
 a71fb70c33c2 Downloading [========================================>          ]  5.045MB/6.292MB
 a71fb70c33c2 Downloading [========================================>          ]   5.11MB/6.292MB
 6889af65efa7 Downloading [================================>                  ]  49.15MB/76.03MB
 a71fb70c33c2 Downloading [=========================================>         ]  5.176MB/6.292MB
 a71fb70c33c2 Downloading [=========================================>         ]  5.242MB/6.292MB
 a71fb70c33c2 Downloading [==========================================>        ]  5.307MB/6.292MB
 a71fb70c33c2 Downloading [==========================================>        ]  5.373MB/6.292MB
 a71fb70c33c2 Downloading [===========================================>       ]  5.438MB/6.292MB
 a71fb70c33c2 Downloading [===========================================>       ]  5.504MB/6.292MB
 7c4627a62657 Downloading [==>                                                ]  57.29MB/1.287GB
 a71fb70c33c2 Downloading [============================================>      ]  5.569MB/6.292MB
 a71fb70c33c2 Downloading [============================================>      ]  5.635MB/6.292MB
 a71fb70c33c2 Downloading [=============================================>     ]    5.7MB/6.292MB
 a71fb70c33c2 Downloading [=============================================>     ]  5.766MB/6.292MB
 6889af65efa7 Downloading [================================>                  ]  49.69MB/76.03MB
 a71fb70c33c2 Downloading [==============================================>    ]  5.831MB/6.292MB
 a71fb70c33c2 Downloading [==============================================>    ]  5.897MB/6.292MB
 a71fb70c33c2 Downloading [===============================================>   ]  5.962MB/6.292MB
 a71fb70c33c2 Downloading [===============================================>   ]  6.028MB/6.292MB
 a71fb70c33c2 Downloading [================================================>  ]  6.094MB/6.292MB
 a71fb70c33c2 Verifying Checksum 
 a71fb70c33c2 Download complete 
 7c4627a62657 Downloading [==>                                                ]  57.84MB/1.287GB
 6889af65efa7 Downloading [=================================>                 ]  50.23MB/76.03MB
 7c4627a62657 Downloading [==>                                                ]  58.38MB/1.287GB
 6889af65efa7 Downloading [=================================>                 ]  50.77MB/76.03MB
 7c4627a62657 Downloading [==>                                                ]  58.92MB/1.287GB
 6889af65efa7 Downloading [=================================>                 ]  51.31MB/76.03MB
 7c4627a62657 Downloading [==>                                                ]  59.46MB/1.287GB
 6889af65efa7 Downloading [==================================>                ]  51.85MB/76.03MB
 7c4627a62657 Downloading [==>                                                ]     60MB/1.287GB
 e55f69b5fd60 Downloading [===============>                                   ]  1.378kB/4.364kB
 e55f69b5fd60 Download complete 
 6889af65efa7 Downloading [==================================>                ]  52.39MB/76.03MB
 7c4627a62657 Downloading [==>                                                ]  60.54MB/1.287GB
 6889af65efa7 Downloading [==================================>                ]  52.94MB/76.03MB
 7c4627a62657 Downloading [==>                                                ]  61.08MB/1.287GB
 6889af65efa7 Downloading [===================================>               ]  53.48MB/76.03MB
 7c4627a62657 Downloading [==>                                                ]  61.62MB/1.287GB
 6889af65efa7 Downloading [===================================>               ]  54.02MB/76.03MB
 62242d415a5d Downloading [=====>                                             ]  1.378kB/13.72kB
 7c4627a62657 Downloading [==>                                                ]  62.16MB/1.287GB
 62242d415a5d Downloading [=============================================>     ]   12.4kB/13.72kB
 62242d415a5d Downloading [==================================================>]  13.72kB/13.72kB
 62242d415a5d Verifying Checksum 
 62242d415a5d Download complete 
 6889af65efa7 Downloading [===================================>               ]  54.56MB/76.03MB
 7c4627a62657 Downloading [==>                                                ]   62.7MB/1.287GB
 6889af65efa7 Downloading [====================================>              ]   55.1MB/76.03MB
 7c4627a62657 Downloading [==>                                                ]  63.24MB/1.287GB
 6889af65efa7 Downloading [====================================>              ]  55.64MB/76.03MB
 7c4627a62657 Downloading [==>                                                ]  63.78MB/1.287GB
 42466c4694d6 Downloading [===================>                               ]  1.378kB/3.56kB
 42466c4694d6 Downloading [==================================================>]   3.56kB/3.56kB
 42466c4694d6 Verifying Checksum 
 42466c4694d6 Download complete 
 6889af65efa7 Downloading [====================================>              ]  56.18MB/76.03MB
 7c4627a62657 Downloading [==>                                                ]  64.32MB/1.287GB
 6889af65efa7 Downloading [=====================================>             ]  56.72MB/76.03MB
 7c4627a62657 Downloading [==>                                                ]  64.86MB/1.287GB
 6889af65efa7 Downloading [=====================================>             ]  57.26MB/76.03MB
 7c4627a62657 Downloading [==>                                                ]   65.4MB/1.287GB
 6889af65efa7 Downloading [======================================>            ]   57.8MB/76.03MB
 7c4627a62657 Downloading [==>                                                ]  65.95MB/1.287GB
 6889af65efa7 Downloading [======================================>            ]  58.34MB/76.03MB
 7c4627a62657 Downloading [==>                                                ]  66.49MB/1.287GB
 6889af65efa7 Downloading [======================================>            ]  58.88MB/76.03MB
 7c4627a62657 Downloading [==>                                                ]  67.03MB/1.287GB
 6889af65efa7 Downloading [=======================================>           ]  59.42MB/76.03MB
 7c4627a62657 Downloading [==>                                                ]  67.57MB/1.287GB
 6889af65efa7 Downloading [=======================================>           ]  59.96MB/76.03MB
 7c4627a62657 Downloading [==>                                                ]  68.11MB/1.287GB
 6889af65efa7 Downloading [=======================================>           ]   60.5MB/76.03MB
 6889af65efa7 Downloading [========================================>          ]  61.05MB/76.03MB
 7c4627a62657 Downloading [==>                                                ]  68.65MB/1.287GB
 af820adcc158 Downloading [>                                                  ]  32.77kB/1.901MB
 6889af65efa7 Downloading [========================================>          ]  61.59MB/76.03MB
 7c4627a62657 Downloading [==>                                                ]  69.19MB/1.287GB
 af820adcc158 Downloading [=>                                                 ]  65.54kB/1.901MB
 af820adcc158 Downloading [==>                                                ]   98.3kB/1.901MB
 af820adcc158 Downloading [===>                                               ]  129.8kB/1.901MB
 af820adcc158 Downloading [====>                                              ]  162.6kB/1.901MB
 af820adcc158 Downloading [=====>                                             ]  195.3kB/1.901MB
 6889af65efa7 Downloading [========================================>          ]  62.13MB/76.03MB
 af820adcc158 Downloading [======>                                            ]  228.1kB/1.901MB
 7c4627a62657 Downloading [==>                                                ]  69.73MB/1.287GB
 af820adcc158 Downloading [======>                                            ]  260.9kB/1.901MB
 af820adcc158 Downloading [=========>                                         ]  360.1kB/1.901MB
 af820adcc158 Downloading [==============>                                    ]  555.3kB/1.901MB
 6889af65efa7 Downloading [=========================================>         ]  62.67MB/76.03MB
 af820adcc158 Downloading [===============>                                   ]  588.1kB/1.901MB
 af820adcc158 Downloading [================>                                  ]  620.8kB/1.901MB
 af820adcc158 Downloading [=================>                                 ]  653.6kB/1.901MB
 af820adcc158 Downloading [==================>                                ]  686.4kB/1.901MB
 af820adcc158 Downloading [==================>                                ]  719.1kB/1.901MB
 af820adcc158 Downloading [===================>                               ]  744.4kB/1.901MB
 af820adcc158 Downloading [====================>                              ]  777.2kB/1.901MB
 af820adcc158 Downloading [=====================>                             ]  809.9kB/1.901MB
 7c4627a62657 Downloading [==>                                                ]  70.27MB/1.287GB
 af820adcc158 Downloading [======================>                            ]  842.7kB/1.901MB
 af820adcc158 Downloading [=======================>                           ]  875.5kB/1.901MB
 af820adcc158 Downloading [=======================>                           ]  908.2kB/1.901MB
 af820adcc158 Downloading [========================>                          ]    941kB/1.901MB
 6889af65efa7 Downloading [=========================================>         ]  63.21MB/76.03MB
 af820adcc158 Downloading [==========================>                        ]  993.7kB/1.901MB
 af820adcc158 Downloading [===========================>                       ]  1.026MB/1.901MB
 af820adcc158 Downloading [=================================>                 ]  1.256MB/1.901MB
 af820adcc158 Downloading [==================================>                ]  1.321MB/1.901MB
 af820adcc158 Downloading [====================================>              ]  1.387MB/1.901MB
 af820adcc158 Downloading [=========================================>         ]  1.584MB/1.901MB
 af820adcc158 Downloading [===========================================>       ]  1.649MB/1.901MB
 af820adcc158 Downloading [=============================================>     ]  1.715MB/1.901MB
 af820adcc158 Downloading [==============================================>    ]   1.78MB/1.901MB
 af820adcc158 Downloading [===============================================>   ]  1.813MB/1.901MB
 af820adcc158 Downloading [================================================>  ]  1.846MB/1.901MB
 af820adcc158 Downloading [=================================================> ]  1.878MB/1.901MB
 7c4627a62657 Downloading [==>                                                ]  70.81MB/1.287GB
 6889af65efa7 Downloading [=========================================>         ]  63.75MB/76.03MB
 af820adcc158 Downloading [==================================================>]  1.901MB/1.901MB
 af820adcc158 Verifying Checksum 
 af820adcc158 Download complete 
 af820adcc158 Extracting [>                                                  ]  32.77kB/1.901MB
 af820adcc158 Extracting [==================================================>]  1.901MB/1.901MB
 af820adcc158 Pull complete 
 chapkit-ghr-model-init Pulled 
 6889af65efa7 Downloading [==========================================>        ]  64.29MB/76.03MB
 7c4627a62657 Downloading [==>                                                ]  71.35MB/1.287GB
 6889af65efa7 Downloading [==========================================>        ]  64.83MB/76.03MB
 7c4627a62657 Downloading [==>                                                ]  71.89MB/1.287GB
 6889af65efa7 Downloading [==========================================>        ]  65.37MB/76.03MB
 7c4627a62657 Downloading [==>                                                ]  72.43MB/1.287GB
 6889af65efa7 Downloading [===========================================>       ]  65.91MB/76.03MB
 7c4627a62657 Downloading [==>                                                ]  72.97MB/1.287GB
 6889af65efa7 Downloading [===========================================>       ]  66.45MB/76.03MB
 7c4627a62657 Downloading [==>                                                ]  73.51MB/1.287GB
 7c4627a62657 Downloading [==>                                                ]  74.03MB/1.287GB
 6889af65efa7 Downloading [============================================>      ]  66.99MB/76.03MB
 7c4627a62657 Downloading [==>                                                ]  74.57MB/1.287GB
 6889af65efa7 Downloading [============================================>      ]  68.07MB/76.03MB
 7c4627a62657 Downloading [==>                                                ]   75.1MB/1.287GB
 6889af65efa7 Downloading [=============================================>     ]  68.61MB/76.03MB
 7c4627a62657 Downloading [==>                                                ]  75.64MB/1.287GB
 6889af65efa7 Downloading [=============================================>     ]  69.16MB/76.03MB
 7c4627a62657 Downloading [==>                                                ]  76.16MB/1.287GB
 6889af65efa7 Downloading [=============================================>     ]   69.7MB/76.03MB
 7c4627a62657 Downloading [==>                                                ]  76.69MB/1.287GB
 6889af65efa7 Downloading [==============================================>    ]  70.24MB/76.03MB
 7c4627a62657 Downloading [==>                                                ]  77.23MB/1.287GB
 6889af65efa7 Downloading [==============================================>    ]  70.78MB/76.03MB
 7c4627a62657 Downloading [===>                                               ]  77.77MB/1.287GB
 6889af65efa7 Downloading [==============================================>    ]  71.32MB/76.03MB
 7c4627a62657 Downloading [===>                                               ]   78.3MB/1.287GB
 6889af65efa7 Downloading [===============================================>   ]  71.86MB/76.03MB
 7c4627a62657 Downloading [===>                                               ]  78.84MB/1.287GB
 6889af65efa7 Downloading [===============================================>   ]   72.4MB/76.03MB
 7c4627a62657 Downloading [===>                                               ]  79.38MB/1.287GB
 6889af65efa7 Downloading [===============================================>   ]  72.94MB/76.03MB
 7c4627a62657 Downloading [===>                                               ]  79.91MB/1.287GB
 6889af65efa7 Downloading [================================================>  ]  73.48MB/76.03MB
 7c4627a62657 Downloading [===>                                               ]  80.45MB/1.287GB
 6889af65efa7 Downloading [================================================>  ]  74.02MB/76.03MB
 7c4627a62657 Downloading [===>                                               ]  80.99MB/1.287GB
 6889af65efa7 Downloading [=================================================> ]  74.56MB/76.03MB
 6889af65efa7 Downloading [=================================================> ]   75.1MB/76.03MB
 7c4627a62657 Downloading [===>                                               ]  81.53MB/1.287GB
 6889af65efa7 Downloading [=================================================> ]  75.64MB/76.03MB
 6889af65efa7 Verifying Checksum 
 6889af65efa7 Download complete 
 7c4627a62657 Downloading [===>                                               ]  82.07MB/1.287GB
 7c4627a62657 Downloading [===>                                               ]   82.6MB/1.287GB
 7c4627a62657 Downloading [===>                                               ]  83.14MB/1.287GB
 7c4627a62657 Downloading [===>                                               ]  83.68MB/1.287GB
 7c4627a62657 Downloading [===>                                               ]  84.21MB/1.287GB
 7c4627a62657 Downloading [===>                                               ]  84.75MB/1.287GB
 7c4627a62657 Downloading [===>                                               ]  85.29MB/1.287GB
 7c4627a62657 Downloading [===>                                               ]  85.83MB/1.287GB
 7c4627a62657 Downloading [===>                                               ]  86.37MB/1.287GB
 7c4627a62657 Downloading [===>                                               ]  86.91MB/1.287GB
 7c4627a62657 Downloading [===>                                               ]  87.45MB/1.287GB
 7c4627a62657 Downloading [===>                                               ]  87.99MB/1.287GB
 7c4627a62657 Downloading [===>                                               ]  88.53MB/1.287GB
 7c4627a62657 Downloading [===>                                               ]  89.07MB/1.287GB
 7c4627a62657 Downloading [===>                                               ]  90.69MB/1.287GB
 7c4627a62657 Downloading [===>                                               ]  91.24MB/1.287GB
 7c4627a62657 Downloading [===>                                               ]  91.78MB/1.287GB
 7c4627a62657 Downloading [===>                                               ]  92.32MB/1.287GB
 7c4627a62657 Downloading [===>                                               ]  92.86MB/1.287GB
 7c4627a62657 Downloading [===>                                               ]   93.4MB/1.287GB
 7c4627a62657 Downloading [===>                                               ]  93.94MB/1.287GB
 7c4627a62657 Downloading [===>                                               ]  94.48MB/1.287GB
 7c4627a62657 Downloading [===>                                               ]  95.02MB/1.287GB
 7c4627a62657 Downloading [===>                                               ]  95.56MB/1.287GB
 7c4627a62657 Downloading [===>                                               ]   96.1MB/1.287GB
 7c4627a62657 Downloading [===>                                               ]  96.64MB/1.287GB
 7c4627a62657 Downloading [===>                                               ]  97.18MB/1.287GB
 7c4627a62657 Downloading [===>                                               ]  97.72MB/1.287GB
 7c4627a62657 Downloading [===>                                               ]  98.26MB/1.287GB
 7c4627a62657 Downloading [===>                                               ]   98.8MB/1.287GB
 7c4627a62657 Downloading [===>                                               ]  99.35MB/1.287GB
 7c4627a62657 Downloading [===>                                               ]  99.89MB/1.287GB
 7c4627a62657 Downloading [===>                                               ]  100.4MB/1.287GB
 7c4627a62657 Downloading [===>                                               ]    101MB/1.287GB
 7c4627a62657 Downloading [===>                                               ]  101.5MB/1.287GB
 7c4627a62657 Downloading [===>                                               ]    102MB/1.287GB
 7c4627a62657 Downloading [===>                                               ]  102.6MB/1.287GB
 7c4627a62657 Downloading [====>                                              ]  103.1MB/1.287GB
 7c4627a62657 Downloading [====>                                              ]  103.7MB/1.287GB
 7c4627a62657 Downloading [====>                                              ]  104.2MB/1.287GB
 7c4627a62657 Downloading [====>                                              ]  104.7MB/1.287GB
 7c4627a62657 Downloading [====>                                              ]  105.3MB/1.287GB
 7c4627a62657 Downloading [====>                                              ]  105.8MB/1.287GB
 7c4627a62657 Downloading [====>                                              ]  106.4MB/1.287GB
 7c4627a62657 Downloading [====>                                              ]  106.9MB/1.287GB
 7c4627a62657 Downloading [====>                                              ]  107.4MB/1.287GB
 7c4627a62657 Downloading [====>                                              ]  109.1MB/1.287GB
 7c4627a62657 Downloading [====>                                              ]  109.6MB/1.287GB
 7c4627a62657 Downloading [====>                                              ]  110.1MB/1.287GB
 7c4627a62657 Downloading [====>                                              ]  110.7MB/1.287GB
 7c4627a62657 Downloading [====>                                              ]  111.2MB/1.287GB
 7c4627a62657 Downloading [====>                                              ]  111.8MB/1.287GB
 7c4627a62657 Downloading [====>                                              ]  112.3MB/1.287GB
 7c4627a62657 Downloading [====>                                              ]  112.9MB/1.287GB
 7c4627a62657 Downloading [====>                                              ]  113.4MB/1.287GB
 7c4627a62657 Downloading [====>                                              ]  113.9MB/1.287GB
 7c4627a62657 Downloading [====>                                              ]  114.5MB/1.287GB
 7c4627a62657 Downloading [====>                                              ]    115MB/1.287GB
 7c4627a62657 Downloading [==================================================>]  1.287GB/1.287GB
 7c4627a62657 Retrying in 14 seconds 
 7c4627a62657 Retrying in 13 seconds 
 7c4627a62657 Retrying in 12 seconds 
 7c4627a62657 Retrying in 11 seconds 
 7c4627a62657 Retrying in 10 seconds 
 7c4627a62657 Retrying in 9 seconds 
 7c4627a62657 Retrying in 8 seconds 
 7c4627a62657 Retrying in 7 seconds 
 7c4627a62657 Retrying in 6 seconds 
 7c4627a62657 Retrying in 5 seconds 
 7c4627a62657 Retrying in 4 seconds 
 7c4627a62657 Retrying in 3 seconds 
 7c4627a62657 Retrying in 2 seconds 
 7c4627a62657 Retrying in 1 second 
 7c4627a62657 Downloading [>                                                  ]  540.7kB/1.172GB
 7c4627a62657 Downloading [>                                                  ]  1.081MB/1.172GB
 7c4627a62657 Downloading [>                                                  ]  1.621MB/1.172GB
 7c4627a62657 Downloading [>                                                  ]  2.161MB/1.172GB
 7c4627a62657 Downloading [>                                                  ]  2.702MB/1.172GB
 7c4627a62657 Downloading [>                                                  ]  3.243MB/1.172GB
 7c4627a62657 Downloading [>                                                  ]  3.783MB/1.172GB
 7c4627a62657 Downloading [>                                                  ]  4.324MB/1.172GB
 7c4627a62657 Downloading [>                                                  ]  4.865MB/1.172GB
 7c4627a62657 Downloading [>                                                  ]  5.405MB/1.172GB
 7c4627a62657 Downloading [>                                                  ]  5.946MB/1.172GB
 7c4627a62657 Downloading [>                                                  ]  7.568MB/1.172GB
 7c4627a62657 Downloading [>                                                  ]  8.109MB/1.172GB
 7c4627a62657 Downloading [>                                                  ]  8.649MB/1.172GB
 7c4627a62657 Downloading [>                                                  ]   9.19MB/1.172GB
 7c4627a62657 Downloading [>                                                  ]  9.731MB/1.172GB
 7c4627a62657 Downloading [>                                                  ]  10.27MB/1.172GB
 7c4627a62657 Downloading [>                                                  ]  10.81MB/1.172GB
 7c4627a62657 Downloading [>                                                  ]  11.35MB/1.172GB
 7c4627a62657 Downloading [>                                                  ]  11.89MB/1.172GB
 7c4627a62657 Downloading [>                                                  ]  12.43MB/1.172GB
 7c4627a62657 Downloading [>                                                  ]  12.97MB/1.172GB
 7c4627a62657 Downloading [>                                                  ]  13.52MB/1.172GB
 7c4627a62657 Downloading [>                                                  ]  14.06MB/1.172GB
 7c4627a62657 Downloading [>                                                  ]   14.6MB/1.172GB
 7c4627a62657 Downloading [>                                                  ]  15.14MB/1.172GB
 7c4627a62657 Downloading [>                                                  ]  15.68MB/1.172GB
 7c4627a62657 Downloading [>                                                  ]  16.22MB/1.172GB
 7c4627a62657 Downloading [>                                                  ]  16.76MB/1.172GB
 7c4627a62657 Downloading [>                                                  ]   17.3MB/1.172GB
 7c4627a62657 Downloading [>                                                  ]  17.84MB/1.172GB
 7c4627a62657 Downloading [>                                                  ]  18.38MB/1.172GB
 7c4627a62657 Downloading [>                                                  ]  18.92MB/1.172GB
 7c4627a62657 Downloading [>                                                  ]  19.46MB/1.172GB
 7c4627a62657 Downloading [>                                                  ]     20MB/1.172GB
 7c4627a62657 Downloading [>                                                  ]  20.54MB/1.172GB
 7c4627a62657 Downloading [>                                                  ]  21.08MB/1.172GB
 7c4627a62657 Downloading [>                                                  ]  21.62MB/1.172GB
 7c4627a62657 Downloading [>                                                  ]  22.16MB/1.172GB
 7c4627a62657 Downloading [>                                                  ]   22.7MB/1.172GB
 7c4627a62657 Downloading [>                                                  ]  23.24MB/1.172GB
 7c4627a62657 Downloading [=>                                                 ]  23.78MB/1.172GB
 7c4627a62657 Downloading [=>                                                 ]  24.33MB/1.172GB
 7c4627a62657 Downloading [=>                                                 ]  24.87MB/1.172GB
 7c4627a62657 Downloading [=>                                                 ]  25.95MB/1.172GB
 7c4627a62657 Downloading [=>                                                 ]  26.49MB/1.172GB
 7c4627a62657 Downloading [=>                                                 ]  27.03MB/1.172GB
 7c4627a62657 Downloading [=>                                                 ]  27.57MB/1.172GB
 7c4627a62657 Downloading [=>                                                 ]  28.11MB/1.172GB
 7c4627a62657 Downloading [=>                                                 ]  28.65MB/1.172GB
 7c4627a62657 Downloading [=>                                                 ]  29.19MB/1.172GB
 7c4627a62657 Downloading [=>                                                 ]  29.73MB/1.172GB
 7c4627a62657 Downloading [=>                                                 ]  30.27MB/1.172GB
 7c4627a62657 Downloading [=>                                                 ]  30.81MB/1.172GB
 7c4627a62657 Downloading [=>                                                 ]  31.35MB/1.172GB
 7c4627a62657 Downloading [=>                                                 ]  31.89MB/1.172GB
 7c4627a62657 Downloading [=>                                                 ]  32.44MB/1.172GB
 7c4627a62657 Downloading [=>                                                 ]  32.98MB/1.172GB
 7c4627a62657 Downloading [=>                                                 ]  33.52MB/1.172GB
 7c4627a62657 Downloading [=>                                                 ]  35.14MB/1.172GB
 7c4627a62657 Downloading [=>                                                 ]  35.68MB/1.172GB
 7c4627a62657 Downloading [=>                                                 ]  36.22MB/1.172GB
 7c4627a62657 Downloading [=>                                                 ]  36.76MB/1.172GB
 7c4627a62657 Downloading [=>                                                 ]   37.3MB/1.172GB
 7c4627a62657 Downloading [=>                                                 ]  37.84MB/1.172GB
 7c4627a62657 Downloading [=>                                                 ]  38.38MB/1.172GB
 7c4627a62657 Downloading [=>                                                 ]  38.92MB/1.172GB
 7c4627a62657 Downloading [=>                                                 ]  39.46MB/1.172GB
 7c4627a62657 Downloading [=>                                                 ]     40MB/1.172GB
 7c4627a62657 Downloading [=>                                                 ]  40.55MB/1.172GB
 7c4627a62657 Downloading [=>                                                 ]  41.09MB/1.172GB
 7c4627a62657 Downloading [=>                                                 ]  41.63MB/1.172GB
 7c4627a62657 Downloading [=>                                                 ]  42.17MB/1.172GB
 7c4627a62657 Downloading [=>                                                 ]  42.71MB/1.172GB
 7c4627a62657 Downloading [=>                                                 ]  43.25MB/1.172GB
 7c4627a62657 Downloading [=>                                                 ]  43.79MB/1.172GB
 7c4627a62657 Downloading [=>                                                 ]  44.33MB/1.172GB
 7c4627a62657 Downloading [=>                                                 ]  44.87MB/1.172GB
 7c4627a62657 Downloading [=>                                                 ]  46.49MB/1.172GB
 7c4627a62657 Downloading [==>                                                ]  47.03MB/1.172GB
 7c4627a62657 Downloading [==>                                                ]  47.57MB/1.172GB
 7c4627a62657 Downloading [==>                                                ]  48.11MB/1.172GB
 7c4627a62657 Downloading [==>                                                ]  48.64MB/1.172GB
 7c4627a62657 Downloading [==>                                                ]  49.18MB/1.172GB
 7c4627a62657 Downloading [==>                                                ]  49.72MB/1.172GB
 7c4627a62657 Downloading [==>                                                ]  50.26MB/1.172GB
 7c4627a62657 Downloading [==>                                                ]  50.81MB/1.172GB
 7c4627a62657 Downloading [==>                                                ]  51.35MB/1.172GB
 7c4627a62657 Downloading [==>                                                ]  51.89MB/1.172GB
 7c4627a62657 Downloading [==>                                                ]  52.43MB/1.172GB
 7c4627a62657 Downloading [==>                                                ]  52.97MB/1.172GB
 7c4627a62657 Downloading [==>                                                ]  53.51MB/1.172GB
 7c4627a62657 Downloading [==>                                                ]  54.05MB/1.172GB
 7c4627a62657 Downloading [==>                                                ]  55.13MB/1.172GB
 7c4627a62657 Downloading [==>                                                ]  55.67MB/1.172GB
 7c4627a62657 Downloading [==>                                                ]  56.21MB/1.172GB
 7c4627a62657 Downloading [==>                                                ]  56.75MB/1.172GB
 7c4627a62657 Downloading [==>                                                ]  57.29MB/1.172GB
 7c4627a62657 Downloading [==>                                                ]  57.83MB/1.172GB
 7c4627a62657 Downloading [==>                                                ]  58.37MB/1.172GB
 7c4627a62657 Downloading [==>                                                ]  58.92MB/1.172GB
 7c4627a62657 Downloading [==>                                                ]  59.46MB/1.172GB
 7c4627a62657 Downloading [==>                                                ]     60MB/1.172GB
 7c4627a62657 Downloading [==>                                                ]  60.54MB/1.172GB
 7c4627a62657 Downloading [==>                                                ]  61.08MB/1.172GB
 7c4627a62657 Downloading [==>                                                ]  61.62MB/1.172GB
 7c4627a62657 Downloading [==>                                                ]  62.16MB/1.172GB
 7c4627a62657 Downloading [==>                                                ]   62.7MB/1.172GB
 7c4627a62657 Downloading [==>                                                ]  63.24MB/1.172GB
 7c4627a62657 Downloading [==>                                                ]  63.78MB/1.172GB
 7c4627a62657 Downloading [==>                                                ]  64.32MB/1.172GB
 7c4627a62657 Downloading [==>                                                ]  64.86MB/1.172GB
 7c4627a62657 Downloading [==>                                                ]   65.4MB/1.172GB
 7c4627a62657 Downloading [==>                                                ]  65.94MB/1.172GB
 7c4627a62657 Downloading [==>                                                ]  66.48MB/1.172GB
 7c4627a62657 Downloading [==>                                                ]  67.03MB/1.172GB
 7c4627a62657 Downloading [==>                                                ]  67.57MB/1.172GB
 7c4627a62657 Downloading [==>                                                ]  68.11MB/1.172GB
 7c4627a62657 Downloading [==>                                                ]  68.65MB/1.172GB
 7c4627a62657 Downloading [==>                                                ]  69.19MB/1.172GB
 7c4627a62657 Downloading [==>                                                ]  69.73MB/1.172GB
 7c4627a62657 Downloading [==>                                                ]  70.27MB/1.172GB
 7c4627a62657 Downloading [===>                                               ]  70.81MB/1.172GB
 7c4627a62657 Downloading [===>                                               ]  71.35MB/1.172GB
 7c4627a62657 Downloading [===>                                               ]  71.89MB/1.172GB
 7c4627a62657 Downloading [===>                                               ]  72.43MB/1.172GB
 7c4627a62657 Downloading [===>                                               ]  72.97MB/1.172GB
 7c4627a62657 Downloading [===>                                               ]  73.51MB/1.172GB
 7c4627a62657 Downloading [===>                                               ]  74.05MB/1.172GB
 7c4627a62657 Downloading [===>                                               ]   74.6MB/1.172GB
 7c4627a62657 Downloading [===>                                               ]  75.14MB/1.172GB
 7c4627a62657 Downloading [===>                                               ]  75.68MB/1.172GB
 7c4627a62657 Downloading [===>                                               ]  76.22MB/1.172GB
 7c4627a62657 Downloading [===>                                               ]   77.3MB/1.172GB
 7c4627a62657 Downloading [===>                                               ]  77.84MB/1.172GB
 7c4627a62657 Downloading [===>                                               ]  78.38MB/1.172GB
 7c4627a62657 Downloading [===>                                               ]  78.92MB/1.172GB
 7c4627a62657 Downloading [===>                                               ]  79.46MB/1.172GB
 7c4627a62657 Downloading [===>                                               ]     80MB/1.172GB
 7c4627a62657 Downloading [===>                                               ]  80.54MB/1.172GB
 7c4627a62657 Downloading [===>                                               ]  81.08MB/1.172GB
 7c4627a62657 Downloading [===>                                               ]  81.62MB/1.172GB
 7c4627a62657 Downloading [===>                                               ]  82.16MB/1.172GB
 7c4627a62657 Downloading [===>                                               ]  82.71MB/1.172GB
 7c4627a62657 Downloading [===>                                               ]  83.25MB/1.172GB
 7c4627a62657 Downloading [===>                                               ]  83.79MB/1.172GB
 7c4627a62657 Downloading [===>                                               ]  84.33MB/1.172GB
 7c4627a62657 Downloading [===>                                               ]  84.87MB/1.172GB
 7c4627a62657 Downloading [===>                                               ]  85.41MB/1.172GB
 7c4627a62657 Downloading [===>                                               ]  85.95MB/1.172GB
 7c4627a62657 Downloading [===>                                               ]  86.49MB/1.172GB
 7c4627a62657 Downloading [===>                                               ]  87.02MB/1.172GB
 7c4627a62657 Downloading [===>                                               ]  87.56MB/1.172GB
 7c4627a62657 Downloading [===>                                               ]   88.1MB/1.172GB
 7c4627a62657 Downloading [===>                                               ]  88.64MB/1.172GB
 7c4627a62657 Downloading [===>                                               ]  89.18MB/1.172GB
 7c4627a62657 Downloading [===>                                               ]  89.72MB/1.172GB
 7c4627a62657 Downloading [===>                                               ]  90.26MB/1.172GB
 7c4627a62657 Downloading [===>                                               ]   90.8MB/1.172GB
 7c4627a62657 Downloading [===>                                               ]  91.34MB/1.172GB
 7c4627a62657 Downloading [===>                                               ]  91.88MB/1.172GB
 7c4627a62657 Downloading [===>                                               ]  92.42MB/1.172GB
 7c4627a62657 Downloading [===>                                               ]  92.96MB/1.172GB
 7c4627a62657 Downloading [===>                                               ]   93.5MB/1.172GB
 7c4627a62657 Downloading [====>                                              ]  95.13MB/1.172GB
 7c4627a62657 Downloading [====>                                              ]  95.67MB/1.172GB
 7c4627a62657 Downloading [====>                                              ]  96.21MB/1.172GB
 7c4627a62657 Downloading [====>                                              ]  96.75MB/1.172GB
 7c4627a62657 Downloading [====>                                              ]  97.83MB/1.172GB
 7c4627a62657 Downloading [====>                                              ]  98.37MB/1.172GB
 7c4627a62657 Downloading [====>                                              ]  98.91MB/1.172GB
 7c4627a62657 Downloading [====>                                              ]  99.45MB/1.172GB
 7c4627a62657 Downloading [====>                                              ]  99.99MB/1.172GB
 7c4627a62657 Downloading [====>                                              ]  100.5MB/1.172GB
 7c4627a62657 Downloading [====>                                              ]  101.1MB/1.172GB
 7c4627a62657 Downloading [====>                                              ]  101.6MB/1.172GB
 7c4627a62657 Downloading [====>                                              ]  102.2MB/1.172GB
 7c4627a62657 Downloading [====>                                              ]  102.7MB/1.172GB
 7c4627a62657 Downloading [====>                                              ]  103.2MB/1.172GB
 7c4627a62657 Downloading [====>                                              ]  103.8MB/1.172GB
 7c4627a62657 Downloading [====>                                              ]  104.3MB/1.172GB
 7c4627a62657 Downloading [====>                                              ]  104.9MB/1.172GB
 7c4627a62657 Downloading [====>                                              ]  105.4MB/1.172GB
 7c4627a62657 Downloading [====>                                              ]  105.9MB/1.172GB
 7c4627a62657 Downloading [====>                                              ]  106.5MB/1.172GB
 7c4627a62657 Downloading [====>                                              ]    107MB/1.172GB
 7c4627a62657 Downloading [====>                                              ]  107.6MB/1.172GB
 7c4627a62657 Downloading [====>                                              ]  108.1MB/1.172GB
 7c4627a62657 Downloading [====>                                              ]  108.6MB/1.172GB
 7c4627a62657 Downloading [====>                                              ]  109.2MB/1.172GB
 7c4627a62657 Downloading [====>                                              ]  109.7MB/1.172GB
 7c4627a62657 Downloading [====>                                              ]  110.8MB/1.172GB
 7c4627a62657 Downloading [====>                                              ]  111.3MB/1.172GB
 7c4627a62657 Downloading [====>                                              ]  111.9MB/1.172GB
 7c4627a62657 Downloading [====>                                              ]  112.4MB/1.172GB
 7c4627a62657 Downloading [====>                                              ]    113MB/1.172GB
 7c4627a62657 Downloading [====>                                              ]  113.5MB/1.172GB
 7c4627a62657 Downloading [====>                                              ]    114MB/1.172GB
 7c4627a62657 Downloading [====>                                              ]  114.6MB/1.172GB
 7c4627a62657 Downloading [====>                                              ]  115.1MB/1.172GB
 7c4627a62657 Downloading [====>                                              ]  115.7MB/1.172GB
 7c4627a62657 Downloading [====>                                              ]  116.2MB/1.172GB
 7c4627a62657 Downloading [====>                                              ]  116.7MB/1.172GB
 7c4627a62657 Downloading [=====>                                             ]  117.3MB/1.172GB
 7c4627a62657 Downloading [=====>                                             ]  117.8MB/1.172GB
 7c4627a62657 Downloading [=====>                                             ]  118.4MB/1.172GB
 7c4627a62657 Downloading [=====>                                             ]  118.9MB/1.172GB
 7c4627a62657 Downloading [=====>                                             ]  119.4MB/1.172GB
 7c4627a62657 Downloading [=====>                                             ]    120MB/1.172GB
 7c4627a62657 Downloading [=====>                                             ]  120.5MB/1.172GB
 7c4627a62657 Downloading [=====>                                             ]  121.1MB/1.172GB
 7c4627a62657 Downloading [=====>                                             ]  121.6MB/1.172GB
 7c4627a62657 Downloading [=====>                                             ]  122.1MB/1.172GB
 7c4627a62657 Downloading [=====>                                             ]  122.7MB/1.172GB
 7c4627a62657 Downloading [=====>                                             ]  123.2MB/1.172GB
 7c4627a62657 Downloading [=====>                                             ]  123.8MB/1.172GB
 7c4627a62657 Downloading [=====>                                             ]  124.3MB/1.172GB
 7c4627a62657 Downloading [=====>                                             ]  124.8MB/1.172GB
 7c4627a62657 Downloading [=====>                                             ]  125.4MB/1.172GB
 7c4627a62657 Downloading [=====>                                             ]  125.9MB/1.172GB
 7c4627a62657 Downloading [=====>                                             ]  126.5MB/1.172GB
 7c4627a62657 Downloading [=====>                                             ]    127MB/1.172GB
 7c4627a62657 Downloading [=====>                                             ]  127.5MB/1.172GB
 7c4627a62657 Downloading [=====>                                             ]  128.1MB/1.172GB
 7c4627a62657 Downloading [=====>                                             ]  128.6MB/1.172GB
 7c4627a62657 Downloading [=====>                                             ]  129.2MB/1.172GB
 7c4627a62657 Downloading [=====>                                             ]  129.7MB/1.172GB
 7c4627a62657 Downloading [=====>                                             ]  130.3MB/1.172GB
 7c4627a62657 Downloading [=====>                                             ]  130.8MB/1.172GB
 7c4627a62657 Downloading [=====>                                             ]  131.3MB/1.172GB
 7c4627a62657 Downloading [=====>                                             ]  131.9MB/1.172GB
 7c4627a62657 Downloading [=====>                                             ]  132.4MB/1.172GB
 7c4627a62657 Downloading [=====>                                             ]    133MB/1.172GB
 7c4627a62657 Downloading [=====>                                             ]  133.5MB/1.172GB
 7c4627a62657 Downloading [=====>                                             ]    134MB/1.172GB
 7c4627a62657 Downloading [=====>                                             ]  134.6MB/1.172GB
 7c4627a62657 Downloading [=====>                                             ]  135.1MB/1.172GB
 7c4627a62657 Downloading [=====>                                             ]  135.7MB/1.172GB
 7c4627a62657 Downloading [=====>                                             ]  136.2MB/1.172GB
 7c4627a62657 Downloading [=====>                                             ]  136.7MB/1.172GB
 7c4627a62657 Downloading [=====>                                             ]  137.3MB/1.172GB
 7c4627a62657 Downloading [=====>                                             ]  137.8MB/1.172GB
 7c4627a62657 Downloading [=====>                                             ]  138.4MB/1.172GB
 7c4627a62657 Downloading [=====>                                             ]  138.9MB/1.172GB
 7c4627a62657 Downloading [=====>                                             ]  139.4MB/1.172GB
 7c4627a62657 Downloading [=====>                                             ]    140MB/1.172GB
 7c4627a62657 Downloading [=====>                                             ]  140.5MB/1.172GB
 7c4627a62657 Downloading [======>                                            ]  141.1MB/1.172GB
 7c4627a62657 Downloading [======>                                            ]  141.6MB/1.172GB
 7c4627a62657 Downloading [======>                                            ]  142.1MB/1.172GB
 7c4627a62657 Downloading [======>                                            ]  142.7MB/1.172GB
 7c4627a62657 Downloading [======>                                            ]  143.2MB/1.172GB
 7c4627a62657 Downloading [======>                                            ]  143.8MB/1.172GB
 7c4627a62657 Downloading [======>                                            ]  144.3MB/1.172GB
 7c4627a62657 Downloading [======>                                            ]  144.8MB/1.172GB
 7c4627a62657 Downloading [======>                                            ]  145.4MB/1.172GB
 7c4627a62657 Downloading [======>                                            ]  145.9MB/1.172GB
 7c4627a62657 Downloading [======>                                            ]    147MB/1.172GB
 7c4627a62657 Downloading [======>                                            ]  147.6MB/1.172GB
 7c4627a62657 Downloading [======>                                            ]  148.1MB/1.172GB
 7c4627a62657 Downloading [======>                                            ]  148.6MB/1.172GB
 7c4627a62657 Downloading [======>                                            ]  149.2MB/1.172GB
 7c4627a62657 Downloading [======>                                            ]  149.7MB/1.172GB
 7c4627a62657 Downloading [======>                                            ]  150.3MB/1.172GB
 7c4627a62657 Downloading [======>                                            ]  150.8MB/1.172GB
 7c4627a62657 Downloading [======>                                            ]  151.3MB/1.172GB
 7c4627a62657 Downloading [======>                                            ]  151.9MB/1.172GB
 7c4627a62657 Downloading [======>                                            ]  152.4MB/1.172GB
 7c4627a62657 Downloading [======>                                            ]    153MB/1.172GB
 7c4627a62657 Downloading [======>                                            ]  153.5MB/1.172GB
 7c4627a62657 Downloading [======>                                            ]    154MB/1.172GB
 7c4627a62657 Downloading [======>                                            ]  155.1MB/1.172GB
 7c4627a62657 Downloading [======>                                            ]  155.7MB/1.172GB
 7c4627a62657 Downloading [======>                                            ]  156.2MB/1.172GB
 7c4627a62657 Downloading [======>                                            ]  156.7MB/1.172GB
 7c4627a62657 Downloading [======>                                            ]  157.3MB/1.172GB
 7c4627a62657 Downloading [======>                                            ]  157.8MB/1.172GB
 7c4627a62657 Downloading [======>                                            ]  158.4MB/1.172GB
 7c4627a62657 Downloading [======>                                            ]  158.9MB/1.172GB
 7c4627a62657 Downloading [======>                                            ]  159.4MB/1.172GB
 7c4627a62657 Downloading [======>                                            ]    160MB/1.172GB
 7c4627a62657 Downloading [======>                                            ]  160.5MB/1.172GB
 7c4627a62657 Downloading [======>                                            ]  161.1MB/1.172GB
 7c4627a62657 Downloading [======>                                            ]  161.6MB/1.172GB
 7c4627a62657 Downloading [======>                                            ]  162.1MB/1.172GB
 7c4627a62657 Downloading [======>                                            ]  162.7MB/1.172GB
 7c4627a62657 Downloading [======>                                            ]  163.2MB/1.172GB
 7c4627a62657 Downloading [======>                                            ]  163.8MB/1.172GB
 7c4627a62657 Downloading [=======>                                           ]  164.3MB/1.172GB
 7c4627a62657 Downloading [=======>                                           ]  164.9MB/1.172GB
 7c4627a62657 Downloading [=======>                                           ]  165.4MB/1.172GB
 7c4627a62657 Downloading [=======>                                           ]  165.9MB/1.172GB
 7c4627a62657 Downloading [=======>                                           ]  166.5MB/1.172GB
 7c4627a62657 Downloading [=======>                                           ]    167MB/1.172GB
 7c4627a62657 Downloading [=======>                                           ]  167.6MB/1.172GB
 7c4627a62657 Downloading [=======>                                           ]  168.1MB/1.172GB
 7c4627a62657 Downloading [=======>                                           ]  168.6MB/1.172GB
 7c4627a62657 Downloading [=======>                                           ]  169.2MB/1.172GB
 7c4627a62657 Downloading [=======>                                           ]  169.7MB/1.172GB
 7c4627a62657 Downloading [=======>                                           ]  170.3MB/1.172GB
 7c4627a62657 Downloading [=======>                                           ]  170.8MB/1.172GB
 7c4627a62657 Downloading [=======>                                           ]  171.3MB/1.172GB
 7c4627a62657 Downloading [=======>                                           ]  171.9MB/1.172GB
 7c4627a62657 Downloading [=======>                                           ]  172.4MB/1.172GB
 7c4627a62657 Downloading [=======>                                           ]    173MB/1.172GB
 7c4627a62657 Downloading [=======>                                           ]  173.5MB/1.172GB
 7c4627a62657 Downloading [=======>                                           ]    174MB/1.172GB
 7c4627a62657 Downloading [=======>                                           ]  174.6MB/1.172GB
 7c4627a62657 Downloading [=======>                                           ]  175.1MB/1.172GB
 7c4627a62657 Downloading [=======>                                           ]  175.7MB/1.172GB
 7c4627a62657 Downloading [=======>                                           ]  176.2MB/1.172GB
 7c4627a62657 Downloading [=======>                                           ]  176.7MB/1.172GB
 7c4627a62657 Downloading [=======>                                           ]  177.3MB/1.172GB
 7c4627a62657 Downloading [=======>                                           ]  177.8MB/1.172GB
 7c4627a62657 Downloading [=======>                                           ]  178.4MB/1.172GB
 7c4627a62657 Downloading [=======>                                           ]  178.9MB/1.172GB
 7c4627a62657 Downloading [=======>                                           ]  179.4MB/1.172GB
 7c4627a62657 Downloading [=======>                                           ]    180MB/1.172GB
 7c4627a62657 Downloading [=======>                                           ]  180.5MB/1.172GB
 7c4627a62657 Downloading [=======>                                           ]  181.1MB/1.172GB
 7c4627a62657 Downloading [=======>                                           ]  181.6MB/1.172GB
 7c4627a62657 Downloading [=======>                                           ]  182.1MB/1.172GB
 7c4627a62657 Downloading [=======>                                           ]  182.7MB/1.172GB
 7c4627a62657 Downloading [=======>                                           ]  183.2MB/1.172GB
 7c4627a62657 Downloading [=======>                                           ]  183.8MB/1.172GB
 7c4627a62657 Downloading [=======>                                           ]  184.3MB/1.172GB
 7c4627a62657 Downloading [=======>                                           ]  184.8MB/1.172GB
 7c4627a62657 Downloading [=======>                                           ]  185.4MB/1.172GB
 7c4627a62657 Downloading [=======>                                           ]  185.9MB/1.172GB
 7c4627a62657 Downloading [=======>                                           ]  186.5MB/1.172GB
 7c4627a62657 Downloading [=======>                                           ]    187MB/1.172GB
 7c4627a62657 Downloading [========>                                          ]  187.5MB/1.172GB
 7c4627a62657 Downloading [========>                                          ]  188.1MB/1.172GB
 7c4627a62657 Downloading [========>                                          ]  188.6MB/1.172GB
 7c4627a62657 Downloading [==================================================>]  1.172GB/1.172GB
 7c4627a62657 Retrying in 20 seconds 
 7c4627a62657 Retrying in 19 seconds 
 7c4627a62657 Retrying in 18 seconds 
 7c4627a62657 Retrying in 17 seconds 
 7c4627a62657 Retrying in 16 seconds 
 7c4627a62657 Retrying in 15 seconds 
 7c4627a62657 Retrying in 14 seconds 
 7c4627a62657 Retrying in 13 seconds 
 7c4627a62657 Retrying in 12 seconds 
 7c4627a62657 Retrying in 11 seconds 
 7c4627a62657 Retrying in 10 seconds 
 7c4627a62657 Retrying in 9 seconds 
 7c4627a62657 Retrying in 8 seconds 
 7c4627a62657 Retrying in 7 seconds 
 7c4627a62657 Retrying in 6 seconds 
 7c4627a62657 Retrying in 5 seconds 
 7c4627a62657 Retrying in 4 seconds 
 7c4627a62657 Retrying in 3 seconds 
 7c4627a62657 Retrying in 2 seconds 
 7c4627a62657 Retrying in 1 second 
 7c4627a62657 Downloading [>                                                  ]  539.3kB/983.3MB
 7c4627a62657 Downloading [>                                                  ]   1.08MB/983.3MB
 7c4627a62657 Downloading [>                                                  ]  1.621MB/983.3MB
 7c4627a62657 Downloading [>                                                  ]  2.161MB/983.3MB
 7c4627a62657 Downloading [>                                                  ]  2.702MB/983.3MB
 7c4627a62657 Downloading [>                                                  ]  3.243MB/983.3MB
 7c4627a62657 Downloading [>                                                  ]  3.783MB/983.3MB
 7c4627a62657 Downloading [>                                                  ]  4.324MB/983.3MB
 7c4627a62657 Downloading [>                                                  ]  4.865MB/983.3MB
 7c4627a62657 Downloading [>                                                  ]  5.405MB/983.3MB
 7c4627a62657 Downloading [>                                                  ]  5.946MB/983.3MB
 7c4627a62657 Downloading [>                                                  ]  6.487MB/983.3MB
 7c4627a62657 Downloading [>                                                  ]  7.027MB/983.3MB
 7c4627a62657 Downloading [>                                                  ]  7.568MB/983.3MB
 7c4627a62657 Downloading [>                                                  ]  8.109MB/983.3MB
 7c4627a62657 Downloading [>                                                  ]  8.649MB/983.3MB
 7c4627a62657 Downloading [>                                                  ]   9.19MB/983.3MB
 7c4627a62657 Downloading [>                                                  ]  9.731MB/983.3MB
 7c4627a62657 Downloading [>                                                  ]  10.27MB/983.3MB
 7c4627a62657 Downloading [>                                                  ]   10.8MB/983.3MB
 7c4627a62657 Downloading [>                                                  ]  11.34MB/983.3MB
 7c4627a62657 Downloading [>                                                  ]  11.87MB/983.3MB
 7c4627a62657 Downloading [>                                                  ]  12.41MB/983.3MB
 7c4627a62657 Downloading [>                                                  ]  12.95MB/983.3MB
 7c4627a62657 Downloading [>                                                  ]  13.49MB/983.3MB
 7c4627a62657 Downloading [>                                                  ]  14.03MB/983.3MB
 7c4627a62657 Downloading [>                                                  ]  14.57MB/983.3MB
 7c4627a62657 Downloading [>                                                  ]  15.11MB/983.3MB
 7c4627a62657 Downloading [>                                                  ]  15.65MB/983.3MB
 7c4627a62657 Downloading [>                                                  ]  16.19MB/983.3MB
 7c4627a62657 Downloading [>                                                  ]  16.73MB/983.3MB
 7c4627a62657 Downloading [>                                                  ]  17.27MB/983.3MB
 7c4627a62657 Downloading [>                                                  ]   17.8MB/983.3MB
 7c4627a62657 Downloading [>                                                  ]  18.34MB/983.3MB
 7c4627a62657 Downloading [>                                                  ]  18.88MB/983.3MB
 7c4627a62657 Downloading [>                                                  ]  19.42MB/983.3MB
 7c4627a62657 Downloading [=>                                                 ]  19.96MB/983.3MB
 7c4627a62657 Downloading [=>                                                 ]   20.5MB/983.3MB
 7c4627a62657 Downloading [=>                                                 ]  21.04MB/983.3MB
 7c4627a62657 Downloading [=>                                                 ]  21.58MB/983.3MB
 7c4627a62657 Downloading [=>                                                 ]  22.12MB/983.3MB
 7c4627a62657 Downloading [=>                                                 ]  22.66MB/983.3MB
 7c4627a62657 Downloading [=>                                                 ]   23.2MB/983.3MB
 7c4627a62657 Downloading [=>                                                 ]  23.74MB/983.3MB
 7c4627a62657 Downloading [=>                                                 ]  24.28MB/983.3MB
 7c4627a62657 Downloading [=>                                                 ]  24.83MB/983.3MB
 7c4627a62657 Downloading [=>                                                 ]  25.37MB/983.3MB
 7c4627a62657 Downloading [=>                                                 ]  25.91MB/983.3MB
 7c4627a62657 Downloading [=>                                                 ]  26.45MB/983.3MB
 7c4627a62657 Downloading [=>                                                 ]  26.99MB/983.3MB
 7c4627a62657 Downloading [=>                                                 ]  27.53MB/983.3MB
 7c4627a62657 Downloading [=>                                                 ]  28.07MB/983.3MB
 7c4627a62657 Downloading [=>                                                 ]  28.61MB/983.3MB
 7c4627a62657 Downloading [=>                                                 ]  29.15MB/983.3MB
 7c4627a62657 Downloading [=>                                                 ]  29.69MB/983.3MB
 7c4627a62657 Downloading [=>                                                 ]  30.23MB/983.3MB
 7c4627a62657 Downloading [=>                                                 ]  30.77MB/983.3MB
 7c4627a62657 Downloading [=>                                                 ]  31.31MB/983.3MB
 7c4627a62657 Downloading [=>                                                 ]  31.85MB/983.3MB
 7c4627a62657 Downloading [=>                                                 ]  32.38MB/983.3MB
 7c4627a62657 Downloading [=>                                                 ]  32.92MB/983.3MB
 7c4627a62657 Downloading [=>                                                 ]  33.46MB/983.3MB
 7c4627a62657 Downloading [=>                                                 ]  33.99MB/983.3MB
 7c4627a62657 Downloading [=>                                                 ]  35.06MB/983.3MB
 7c4627a62657 Downloading [=>                                                 ]   35.6MB/983.3MB
 7c4627a62657 Downloading [=>                                                 ]  36.14MB/983.3MB
 7c4627a62657 Downloading [=>                                                 ]  36.66MB/983.3MB
 7c4627a62657 Downloading [=>                                                 ]   37.2MB/983.3MB
 7c4627a62657 Downloading [=>                                                 ]  37.73MB/983.3MB
 7c4627a62657 Downloading [=>                                                 ]  38.27MB/983.3MB
 7c4627a62657 Downloading [=>                                                 ]   38.8MB/983.3MB
 7c4627a62657 Downloading [==>                                                ]  39.88MB/983.3MB
 7c4627a62657 Downloading [==>                                                ]  40.42MB/983.3MB
 7c4627a62657 Downloading [==>                                                ]  40.95MB/983.3MB
 7c4627a62657 Downloading [==>                                                ]  41.48MB/983.3MB
 7c4627a62657 Downloading [==>                                                ]  42.01MB/983.3MB
 7c4627a62657 Downloading [==>                                                ]  42.54MB/983.3MB
 7c4627a62657 Downloading [==>                                                ]  43.08MB/983.3MB
 7c4627a62657 Downloading [==>                                                ]  43.62MB/983.3MB
 7c4627a62657 Downloading [==>                                                ]  44.16MB/983.3MB
 7c4627a62657 Downloading [==>                                                ]   44.7MB/983.3MB
 7c4627a62657 Downloading [==>                                                ]  45.25MB/983.3MB
 7c4627a62657 Downloading [==>                                                ]  45.79MB/983.3MB
 7c4627a62657 Downloading [==>                                                ]  46.33MB/983.3MB
 7c4627a62657 Downloading [==>                                                ]  46.87MB/983.3MB
 7c4627a62657 Downloading [==>                                                ]  47.41MB/983.3MB
 7c4627a62657 Downloading [==>                                                ]  47.95MB/983.3MB
 7c4627a62657 Downloading [==>                                                ]  48.49MB/983.3MB
 7c4627a62657 Downloading [==>                                                ]  49.03MB/983.3MB
 7c4627a62657 Downloading [==>                                                ]  49.57MB/983.3MB
 7c4627a62657 Downloading [==>                                                ]  50.11MB/983.3MB
 7c4627a62657 Downloading [==>                                                ]  50.65MB/983.3MB
 7c4627a62657 Downloading [==>                                                ]  51.19MB/983.3MB
 7c4627a62657 Downloading [==>                                                ]  51.73MB/983.3MB
 7c4627a62657 Downloading [==>                                                ]  52.27MB/983.3MB
 7c4627a62657 Downloading [==>                                                ]  52.81MB/983.3MB
 7c4627a62657 Downloading [==>                                                ]  53.36MB/983.3MB
 7c4627a62657 Downloading [==>                                                ]   53.9MB/983.3MB
 7c4627a62657 Downloading [==>                                                ]  54.44MB/983.3MB
 7c4627a62657 Downloading [==>                                                ]  54.98MB/983.3MB
 7c4627a62657 Downloading [==>                                                ]  55.52MB/983.3MB
 7c4627a62657 Downloading [==>                                                ]  56.06MB/983.3MB
 7c4627a62657 Downloading [==>                                                ]   56.6MB/983.3MB
 7c4627a62657 Downloading [==>                                                ]  57.14MB/983.3MB
 7c4627a62657 Downloading [==>                                                ]  57.68MB/983.3MB
 7c4627a62657 Downloading [==>                                                ]  58.22MB/983.3MB
 7c4627a62657 Downloading [==>                                                ]  58.76MB/983.3MB
 7c4627a62657 Downloading [===>                                               ]   59.3MB/983.3MB
 7c4627a62657 Downloading [===>                                               ]  59.84MB/983.3MB
 7c4627a62657 Downloading [===>                                               ]  60.38MB/983.3MB
 7c4627a62657 Downloading [===>                                               ]  60.92MB/983.3MB
 7c4627a62657 Downloading [===>                                               ]  61.47MB/983.3MB
 7c4627a62657 Downloading [===>                                               ]  62.01MB/983.3MB
 7c4627a62657 Downloading [===>                                               ]  62.55MB/983.3MB
 7c4627a62657 Downloading [===>                                               ]  63.09MB/983.3MB
 7c4627a62657 Downloading [===>                                               ]  63.63MB/983.3MB
 7c4627a62657 Downloading [===>                                               ]  64.17MB/983.3MB
 7c4627a62657 Downloading [===>                                               ]  64.71MB/983.3MB
 7c4627a62657 Downloading [===>                                               ]  65.25MB/983.3MB
 7c4627a62657 Downloading [===>                                               ]  65.79MB/983.3MB
 7c4627a62657 Downloading [===>                                               ]  66.33MB/983.3MB
 7c4627a62657 Downloading [===>                                               ]  66.87MB/983.3MB
 7c4627a62657 Downloading [===>                                               ]  67.41MB/983.3MB
 7c4627a62657 Downloading [===>                                               ]  67.95MB/983.3MB
 7c4627a62657 Downloading [===>                                               ]  68.49MB/983.3MB
 7c4627a62657 Downloading [===>                                               ]  69.03MB/983.3MB
 7c4627a62657 Downloading [===>                                               ]  69.57MB/983.3MB
 7c4627a62657 Downloading [===>                                               ]  70.11MB/983.3MB
 7c4627a62657 Downloading [===>                                               ]  70.65MB/983.3MB
 7c4627a62657 Downloading [===>                                               ]  71.19MB/983.3MB
 7c4627a62657 Downloading [===>                                               ]  71.73MB/983.3MB
 7c4627a62657 Downloading [===>                                               ]  72.27MB/983.3MB
 7c4627a62657 Downloading [===>                                               ]  72.81MB/983.3MB
 7c4627a62657 Downloading [===>                                               ]  73.35MB/983.3MB
 7c4627a62657 Downloading [===>                                               ]  73.89MB/983.3MB
 7c4627a62657 Downloading [===>                                               ]  74.43MB/983.3MB
 7c4627a62657 Downloading [===>                                               ]  74.97MB/983.3MB
 7c4627a62657 Downloading [===>                                               ]  75.51MB/983.3MB
 7c4627a62657 Downloading [===>                                               ]  76.05MB/983.3MB
 7c4627a62657 Downloading [===>                                               ]   76.6MB/983.3MB
 7c4627a62657 Downloading [===>                                               ]  77.14MB/983.3MB
 7c4627a62657 Downloading [===>                                               ]  77.67MB/983.3MB
 7c4627a62657 Downloading [===>                                               ]  78.21MB/983.3MB
 7c4627a62657 Downloading [====>                                              ]  78.75MB/983.3MB
 7c4627a62657 Downloading [====>                                              ]  79.29MB/983.3MB
 7c4627a62657 Downloading [====>                                              ]  79.83MB/983.3MB
 7c4627a62657 Downloading [====>                                              ]  80.37MB/983.3MB
 7c4627a62657 Downloading [====>                                              ]  80.91MB/983.3MB
 7c4627a62657 Downloading [====>                                              ]  81.45MB/983.3MB
 7c4627a62657 Downloading [====>                                              ]  81.99MB/983.3MB
 7c4627a62657 Downloading [====>                                              ]  82.54MB/983.3MB
 7c4627a62657 Downloading [====>                                              ]  83.08MB/983.3MB
 7c4627a62657 Downloading [====>                                              ]  83.62MB/983.3MB
 7c4627a62657 Downloading [====>                                              ]  84.16MB/983.3MB
 7c4627a62657 Downloading [====>                                              ]   84.7MB/983.3MB
 7c4627a62657 Downloading [====>                                              ]  85.24MB/983.3MB
 7c4627a62657 Downloading [====>                                              ]  85.78MB/983.3MB
 7c4627a62657 Downloading [====>                                              ]  86.32MB/983.3MB
 7c4627a62657 Downloading [====>                                              ]  86.86MB/983.3MB
 7c4627a62657 Downloading [====>                                              ]   87.4MB/983.3MB
 7c4627a62657 Downloading [====>                                              ]  87.94MB/983.3MB
 7c4627a62657 Downloading [====>                                              ]  88.48MB/983.3MB
 7c4627a62657 Downloading [====>                                              ]  89.02MB/983.3MB
 7c4627a62657 Downloading [====>                                              ]  89.56MB/983.3MB
 7c4627a62657 Downloading [====>                                              ]   90.1MB/983.3MB
 7c4627a62657 Downloading [====>                                              ]  90.65MB/983.3MB
 7c4627a62657 Downloading [====>                                              ]  91.18MB/983.3MB
 7c4627a62657 Downloading [====>                                              ]  91.72MB/983.3MB
 7c4627a62657 Downloading [====>                                              ]  92.26MB/983.3MB
 7c4627a62657 Downloading [====>                                              ]   92.8MB/983.3MB
 7c4627a62657 Downloading [====>                                              ]  93.34MB/983.3MB
 7c4627a62657 Downloading [====>                                              ]  93.88MB/983.3MB
 7c4627a62657 Downloading [====>                                              ]  94.42MB/983.3MB
 7c4627a62657 Downloading [====>                                              ]  94.96MB/983.3MB
 7c4627a62657 Downloading [====>                                              ]   95.5MB/983.3MB
 7c4627a62657 Downloading [====>                                              ]  96.04MB/983.3MB
 7c4627a62657 Downloading [====>                                              ]  96.58MB/983.3MB
 7c4627a62657 Downloading [====>                                              ]  97.12MB/983.3MB
 7c4627a62657 Downloading [====>                                              ]  97.66MB/983.3MB
 7c4627a62657 Downloading [====>                                              ]   98.2MB/983.3MB
 7c4627a62657 Downloading [=====>                                             ]  98.75MB/983.3MB
 7c4627a62657 Downloading [=====>                                             ]  99.29MB/983.3MB
 7c4627a62657 Downloading [=====>                                             ]  99.83MB/983.3MB
 7c4627a62657 Downloading [=====>                                             ]  100.4MB/983.3MB
 7c4627a62657 Downloading [=====>                                             ]  100.9MB/983.3MB
 7c4627a62657 Downloading [=====>                                             ]  101.4MB/983.3MB
 7c4627a62657 Downloading [=====>                                             ]    102MB/983.3MB
 7c4627a62657 Downloading [=====>                                             ]  102.5MB/983.3MB
 7c4627a62657 Downloading [=====>                                             ]  103.1MB/983.3MB
 7c4627a62657 Downloading [=====>                                             ]  103.6MB/983.3MB
 7c4627a62657 Downloading [=====>                                             ]  104.1MB/983.3MB
 7c4627a62657 Downloading [=====>                                             ]  104.7MB/983.3MB
 7c4627a62657 Downloading [=====>                                             ]  105.2MB/983.3MB
 7c4627a62657 Downloading [=====>                                             ]  105.8MB/983.3MB
 7c4627a62657 Downloading [=====>                                             ]  106.3MB/983.3MB
 7c4627a62657 Downloading [=====>                                             ]  106.8MB/983.3MB
 7c4627a62657 Downloading [=====>                                             ]  107.4MB/983.3MB
 7c4627a62657 Downloading [=====>                                             ]  107.9MB/983.3MB
 7c4627a62657 Downloading [=====>                                             ]  108.4MB/983.3MB
 7c4627a62657 Downloading [=====>                                             ]    109MB/983.3MB
 7c4627a62657 Downloading [=====>                                             ]  109.5MB/983.3MB
 7c4627a62657 Downloading [=====>                                             ]    110MB/983.3MB
 7c4627a62657 Downloading [=====>                                             ]  110.6MB/983.3MB
 7c4627a62657 Downloading [=====>                                             ]  111.1MB/983.3MB
 7c4627a62657 Downloading [=====>                                             ]  111.7MB/983.3MB
 7c4627a62657 Downloading [=====>                                             ]  112.2MB/983.3MB
 7c4627a62657 Downloading [=====>                                             ]  112.7MB/983.3MB
 7c4627a62657 Downloading [=====>                                             ]  113.3MB/983.3MB
 7c4627a62657 Downloading [=====>                                             ]  113.8MB/983.3MB
 7c4627a62657 Downloading [=====>                                             ]  114.3MB/983.3MB
 7c4627a62657 Downloading [=====>                                             ]  114.9MB/983.3MB
 7c4627a62657 Downloading [=====>                                             ]  115.4MB/983.3MB
 7c4627a62657 Downloading [=====>                                             ]  115.9MB/983.3MB
 7c4627a62657 Downloading [=====>                                             ]  116.5MB/983.3MB
 7c4627a62657 Downloading [=====>                                             ]    117MB/983.3MB
 7c4627a62657 Downloading [=====>                                             ]  117.6MB/983.3MB
 7c4627a62657 Downloading [======>                                            ]  118.1MB/983.3MB
 7c4627a62657 Downloading [======>                                            ]  118.6MB/983.3MB
 7c4627a62657 Downloading [======>                                            ]  119.2MB/983.3MB
 7c4627a62657 Downloading [======>                                            ]  119.7MB/983.3MB
 7c4627a62657 Downloading [======>                                            ]  120.3MB/983.3MB
 7c4627a62657 Downloading [======>                                            ]  120.8MB/983.3MB
 7c4627a62657 Downloading [======>                                            ]  121.3MB/983.3MB
 7c4627a62657 Downloading [======>                                            ]  121.9MB/983.3MB
 7c4627a62657 Downloading [======>                                            ]  122.4MB/983.3MB
 7c4627a62657 Downloading [======>                                            ]    123MB/983.3MB
 7c4627a62657 Downloading [======>                                            ]  123.5MB/983.3MB
 7c4627a62657 Downloading [======>                                            ]  124.1MB/983.3MB
 7c4627a62657 Downloading [======>                                            ]  124.6MB/983.3MB
 7c4627a62657 Downloading [======>                                            ]  125.1MB/983.3MB
 7c4627a62657 Downloading [======>                                            ]  125.7MB/983.3MB
 7c4627a62657 Downloading [======>                                            ]  126.2MB/983.3MB
 7c4627a62657 Downloading [======>                                            ]  126.8MB/983.3MB
 7c4627a62657 Downloading [======>                                            ]  127.3MB/983.3MB
 7c4627a62657 Downloading [======>                                            ]  127.8MB/983.3MB
 7c4627a62657 Downloading [======>                                            ]  128.4MB/983.3MB
 7c4627a62657 Downloading [======>                                            ]  128.9MB/983.3MB
 7c4627a62657 Downloading [======>                                            ]  129.5MB/983.3MB
 7c4627a62657 Downloading [======>                                            ]    130MB/983.3MB
 7c4627a62657 Downloading [======>                                            ]  130.5MB/983.3MB
 7c4627a62657 Downloading [======>                                            ]  131.1MB/983.3MB
 7c4627a62657 Downloading [======>                                            ]  131.6MB/983.3MB
 7c4627a62657 Downloading [======>                                            ]  132.2MB/983.3MB
 7c4627a62657 Downloading [======>                                            ]  132.7MB/983.3MB
 7c4627a62657 Downloading [======>                                            ]  133.2MB/983.3MB
 7c4627a62657 Downloading [======>                                            ]  133.8MB/983.3MB
 7c4627a62657 Downloading [======>                                            ]  134.3MB/983.3MB
 7c4627a62657 Downloading [======>                                            ]  134.9MB/983.3MB
 7c4627a62657 Downloading [======>                                            ]  135.4MB/983.3MB
 7c4627a62657 Downloading [======>                                            ]  135.9MB/983.3MB
 7c4627a62657 Downloading [======>                                            ]  136.5MB/983.3MB
 7c4627a62657 Downloading [======>                                            ]    137MB/983.3MB
 7c4627a62657 Downloading [======>                                            ]  137.6MB/983.3MB
 7c4627a62657 Downloading [=======>                                           ]  138.6MB/983.3MB
 7c4627a62657 Downloading [=======>                                           ]  139.2MB/983.3MB
 7c4627a62657 Downloading [=======>                                           ]  139.7MB/983.3MB
 7c4627a62657 Downloading [=======>                                           ]  140.3MB/983.3MB
 7c4627a62657 Downloading [=======>                                           ]  140.8MB/983.3MB
 7c4627a62657 Downloading [=======>                                           ]  141.3MB/983.3MB
 7c4627a62657 Downloading [=======>                                           ]  141.9MB/983.3MB
 7c4627a62657 Downloading [=======>                                           ]  142.4MB/983.3MB
 7c4627a62657 Downloading [=======>                                           ]    143MB/983.3MB
 7c4627a62657 Downloading [=======>                                           ]  143.5MB/983.3MB
 7c4627a62657 Downloading [=======>                                           ]    144MB/983.3MB
 7c4627a62657 Downloading [=======>                                           ]  144.6MB/983.3MB
 7c4627a62657 Downloading [=======>                                           ]  145.1MB/983.3MB
 7c4627a62657 Downloading [=======>                                           ]  145.7MB/983.3MB
 7c4627a62657 Downloading [=======>                                           ]  146.2MB/983.3MB
 7c4627a62657 Downloading [=======>                                           ]  146.8MB/983.3MB
 7c4627a62657 Downloading [==================================================>]  983.3MB/983.3MB
unexpected EOF
error: chapkit-ghr-model did not start (unexpected EOF); fix that, then `chaps run https://github.com/chap-models/chapkit_ghr_model` tries again
  caused by: unexpected EOF
  caused by: docker compose exited with status 18
rc=18
